Date,Timepoint,PLUG.ID,Geno,Photo.Number,Tank,Temperature,Red.Standard,Green.Standard,Blue.Standard,Red.Coral,Green.Coral,Blue.Coral,Notes
5/11/19,Time0,2392,MC_206,1,1,Ambient,137.619,72.768,105.327,84.241,62.436,47.693,
5/11/19,Time0,2734,MC_206,1,1,Ambient,137.619,72.768,105.327,114.076,87.528,59.671,
5/11/19,Time0,1050,MC_206,1,1,Ambient,137.619,72.768,105.327,135.262,109.618,81.399,
5/11/19,Time0,1048,MC_206,1,1,Ambient,137.619,72.768,105.327,111.835,86.385,64.091,
5/11/19,Time0,1477,MC_206,1,1,Ambient,137.619,72.768,105.327,104.851,79.09,69.192,
5/11/19,Time0,1570,MC_291,3,1,Ambient,139.432,75.988,109.962,111.541,87.801,64.986,
5/11/19,Time0,1574,MC_291,3,1,Ambient,139.432,75.988,109.962,114.86,91.012,69.18,
5/11/19,Time0,1093,MC_291,3,1,Ambient,139.432,75.988,109.962,127.078,102.425,77.273,
5/11/19,Time0,1639,MC_291,3,1,Ambient,139.432,75.988,109.962,119.21,95.783,76.258,
5/11/19,Time0,1124,MC_291,3,1,Ambient,139.432,75.988,109.962,128.279,103.828,81.213,
5/11/19,Time0,1539,MC_248,5,1,Ambient,135.713,76.806,106.567,120.029,96.153,70.152,
5/11/19,Time0,1740,MC_248,5,1,Ambient,135.713,76.806,106.567,135.109,108.3,74.635,
5/11/19,Time0,1271,MC_248,5,1,Ambient,135.713,76.806,106.567,135.891,108.462,77.484,
5/11/19,Time0,1544,MC_248,5,1,Ambient,135.713,76.806,106.567,131.623,107.078,76.097,
5/11/19,Time0,2555,MC_248,5,1,Ambient,135.713,76.806,106.567,125.539,102.26,77.108,
5/11/19,Time0,2519,MC_248,5,1,Ambient,135.713,76.806,106.567,128.972,105.499,83.727,
5/11/19,Time0,2363,MC_289,7,1,Ambient,134.822,74.198,105.873,139.75,117.08,87.132,
5/11/19,Time0,1721,MC_289,7,1,Ambient,134.822,74.198,105.873,130.916,109.36,80.578,
5/11/19,Time0,2530,MC_289,7,1,Ambient,134.822,74.198,105.873,144.909,122.335,94.369,
5/11/19,Time0,2754,MC_289,7,1,Ambient,134.822,74.198,105.873,125.713,104.019,80.27,
5/11/19,Time0,1535,MC_289,7,1,Ambient,134.822,74.198,105.873,142.892,121.386,97.233,
5/11/19,Time0,1629,MC_206,9,2,High,146.868,78.495,114.381,99.849,75.132,52.087,
5/11/19,Time0,1773,MC_206,9,2,High,146.868,78.495,114.381,104.056,78.92,58.179,
5/11/19,Time0,1726,MC_206,9,2,High,146.868,78.495,114.381,130.385,105.53,80.946,
5/11/19,Time0,1688,MC_206,9,2,High,146.868,78.495,114.381,112.106,85.88,70.009,
5/11/19,Time0,1078,MC_206,9,2,High,146.868,78.495,114.381,132.089,108.144,91.184,
5/11/19,Time0,1591,MC_291,11,2,High,140.681,73.732,110.979,109.665,82.151,59.535,
5/11/19,Time0,2396,MC_291,11,2,High,140.681,73.732,110.979,120.41,92.804,70.685,
5/11/19,Time0,1725,MC_291,11,2,High,140.681,73.732,110.979,118.958,92.465,68.676,
5/11/19,Time0,2411,MC_291,11,2,High,140.681,73.732,110.979,132.215,103.595,79.872,
5/11/19,Time0,1178,MC_291,11,2,High,140.681,73.732,110.979,120.317,95.43,75.418,
5/11/19,Time0,2747,MC_248,13,2,High,135.39,71.663,105.179,129.545,105.212,75.282,
5/11/19,Time0,1095,MC_248,13,2,High,135.39,71.663,105.179,137.503,111.068,79.857,
5/11/19,Time0,1468,MC_248,13,2,High,135.39,71.663,105.179,128.191,98.246,69.548,
5/11/19,Time0,2740,MC_248,13,2,High,135.39,71.663,105.179,153.807,135.148,111.292,
5/11/19,Time0,1142,MC_248,13,2,High,135.39,71.663,105.179,119.295,92.476,69.222,dropped and broke top tip off
5/11/19,Time0,1717,MC_289,15,2,High,140.334,73.179,111.639,127.234,100.787,78.401,Mostly dead already
5/11/19,Time0,2875,MC_289,15,2,High,140.334,73.179,111.639,133.758,106.073,81.813,
5/11/19,Time0,1624,MC_289,15,2,High,140.334,73.179,111.639,144.793,120.054,97.18,
5/11/19,Time0,2183,MC_289,15,2,High,140.334,73.179,111.639,138.682,109.276,81.778,
5/11/19,Time0,2023,MC_289,15,2,High,140.334,73.179,111.639,137.191,114.646,104.111,
5/11/19,Time0,1323,MC_206,17,3,High,139.672,73.18,110.352,134.22,109.324,84.279,
5/11/19,Time0,1063,MC_206,17,3,High,139.672,73.18,110.352,110.556,85.257,67.886,
5/11/19,Time0,1327,MC_206,17,3,High,139.672,73.18,110.352,147.282,126.864,106.518,
5/11/19,Time0,1338,MC_206,17,3,High,139.672,73.18,110.352,113.694,88.935,72.406,
5/11/19,Time0,2985,MC_206,17,3,High,139.672,73.18,110.352,109.868,84.716,73.885,
5/11/19,Time0,1328,MC_291,19,3,High,140.083,74.372,110.041,112.124,86.609,66.153,
5/11/19,Time0,2306,MC_291,19,3,High,140.083,74.372,110.041,123.943,95.872,72.429,
5/11/19,Time0,1447,MC_291,19,3,High,140.083,74.372,110.041,129.963,99.689,73.239,
5/11/19,Time0,1321,MC_291,19,3,High,140.083,74.372,110.041,114.574,85.788,64.093,
5/11/19,Time0,1587,MC_291,19,3,High,140.083,74.372,110.041,115.555,91.699,74.487,
5/11/19,Time0,1645,MC_248,21,3,High,133.325,71.205,106.669,124.853,99.671,73.819,
5/11/19,Time0,2005,MC_248,21,3,High,133.325,71.205,106.669,98.14,71.137,52.365,
5/11/19,Time0,1730,MC_248,21,3,High,133.325,71.205,106.669,134.067,108.52,80.301,
5/11/19,Time0,1277,MC_248,21,3,High,133.325,71.205,106.669,150.966,128.583,104.401,Very pale
5/11/19,Time0,1442,MC_248,21,3,High,133.325,71.205,106.669,148.246,128.969,114.533,Pale
5/11/19,Time0,1286,MC_289,23,3,High,134.9,70.707,109.397,122.729,97.864,71.64,
5/11/19,Time0,1341,MC_289,23,3,High,134.9,70.707,109.397,122.844,98.725,73.846,One side pale
5/11/19,Time0,2998,MC_289,23,3,High,134.9,70.707,109.397,154.49,131.959,105.196,One side pale
5/11/19,Time0,2204,MC_289,23,3,High,134.9,70.707,109.397,147.481,120.603,96.779,One side pale
5/11/19,Time0,2750,MC_289,23,3,High,134.9,70.707,109.397,138.233,114.493,94.633,Tips a little pale
5/11/19,Time0,1229,MC_206,25,4,Ambient,141.91,74.649,113.795,90.36,61.856,45.6,
5/11/19,Time0,1236,MC_206,25,4,Ambient,141.91,74.649,113.795,94.872,69.649,55.89,
5/11/19,Time0,1736,MC_206,25,4,Ambient,141.91,74.649,113.795,135.205,108.827,88.336,
5/11/19,Time0,1121,MC_206,25,4,Ambient,141.91,74.649,113.795,137.645,108.738,88.306,
5/11/19,Time0,1258,MC_206,25,4,Ambient,141.91,74.649,113.795,93.675,69.364,61.178,
5/11/19,Time0,2871,MC_206,25,4,Ambient,NA,NA,NA,NA,NA,NA,
5/11/19,Time0,1157,MC_291,27,4,Ambient,141.96,73.933,114.13,108.309,80.605,56.453,
5/11/19,Time0,2212,MC_291,27,4,Ambient,141.96,73.933,114.13,112.562,85.847,64.943,
5/11/19,Time0,1302,MC_291,27,4,Ambient,141.96,73.933,114.13,116.225,86.326,62.838,
5/11/19,Time0,1775,MC_291,27,4,Ambient,141.96,73.933,114.13,104.926,81.826,65.62,
5/11/19,Time0,1084,MC_291,27,4,Ambient,141.96,73.933,114.13,114.599,87.184,72.159,
5/11/19,Time0,1169,MC_248,29,4,Ambient,138.489,72.255,111.294,106.021,76.48,50.399,
5/11/19,Time0,2172,MC_248,29,4,Ambient,138.489,72.255,111.294,132.912,105.857,76.031,
5/11/19,Time0,1308,MC_248,29,4,Ambient,138.489,72.255,111.294,107.473,80.086,62.108,
5/11/19,Time0,1243,MC_248,29,4,Ambient,138.489,72.255,111.294,140.129,112.135,85.336,
5/11/19,Time0,1772,MC_248,29,4,Ambient,138.489,72.255,111.294,124.341,96.235,74.828,A little pale on top
5/11/19,Time0,2393,MC_289,31,4,Ambient,137.796,75.046,110.969,126.256,95.235,70.874,
5/11/19,Time0,1426,MC_289,31,4,Ambient,137.796,75.046,110.969,115.721,88.385,67.207,
5/11/19,Time0,1595,MC_289,31,4,Ambient,137.796,75.046,110.969,126.502,103.199,84.304,
5/11/19,Time0,2153,MC_289,31,4,Ambient,137.796,75.046,110.969,119.298,91.193,72.698,
5/11/19,Time0,1609,MC_289,31,4,Ambient,137.796,75.046,110.969,124.852,98.85,86.875,
5/11/19,Time0,2999,MC_206,33,5,High,137.027,76.032,112.199,102.662,78.074,63.462,Top bleached
5/11/19,Time0,1598,MC_206,33,5,High,137.027,76.032,112.199,126.183,101.973,84.356,Whole section/half is pale
5/11/19,Time0,1307,MC_206,33,5,High,137.027,76.032,112.199,121.302,99.036,86.196,one side is pale
5/11/19,Time0,2025,MC_206,33,5,High,137.027,76.032,112.199,124.894,102.088,86.613,Tips pale
5/11/19,Time0,1744,MC_206,33,5,High,137.027,76.032,112.199,119.017,94.194,78.366,
5/11/19,Time0,2019,MC_206,33,5,High,137.027,76.032,112.199,97.406,75.604,90.117,Tips and top section pale
5/11/19,Time0,1303,MC_291,35,5,High,141.062,75.86,112.467,115.05,89.891,69.081,Tips pale
5/11/19,Time0,1475,MC_291,35,5,High,141.062,75.86,112.467,140.874,114.596,89.548,slightly pale
5/11/19,Time0,1239,MC_291,35,5,High,141.062,75.86,112.467,123.14,96.223,74.974,
5/11/19,Time0,2534,MC_291,35,5,High,141.062,75.86,112.467,132.86,103.682,79.637,Re-glued
5/11/19,Time0,2756,MC_291,35,5,High,141.062,75.86,112.467,108.891,83.286,69.887,
5/11/19,Time0,1256,MC_248,37,5,High,143.539,74.222,107.794,158.699,134.976,114.701,Very pale
5/11/19,Time0,1565,MC_248,37,5,High,143.539,74.222,107.794,116.972,88.189,65.133,
5/11/19,Time0,1294,MC_248,37,5,High,143.539,74.222,107.794,134.525,103.65,78.52,One side pale
5/11/19,Time0,1738,MC_248,37,5,High,143.539,74.222,107.794,123.86,91.121,68.322,
5/11/19,Time0,1710,MC_248,37,5,High,143.539,74.222,107.794,120.724,92.828,70.323,
5/11/19,Time0,1418,MC_289,39,5,High,142.499,75.487,109.729,130.671,97.509,69.841,Slightly pale
5/11/19,Time0,1262,MC_289,39,5,High,142.499,75.487,109.729,135.546,107.531,83.702,Tips pale
5/11/19,Time0,2058,MC_289,39,5,High,142.499,75.487,109.729,169.523,145.819,122.206,Pale but heavily fragmented so hard to tell if it is stressed or just heavily fragmented
5/11/19,Time0,1713,MC_289,39,5,High,142.499,75.487,109.729,141.366,118.104,100.513,bleached on one side and had to be re-glued
5/11/19,Time0,2878,MC_289,39,5,High,142.499,75.487,109.729,129.1,108.096,91.914,
5/11/19,Time0,1753,MC_206,41,6,Ambient,150.681,76.505,116.219,123.927,94.143,68.435,Pale tips 
5/11/19,Time0,1052,MC_206,41,6,Ambient,150.681,76.505,116.219,121.134,91.671,61.047,
5/11/19,Time0,2996,MC_206,41,6,Ambient,150.681,76.505,116.219,114.345,86.857,66.986,
5/11/19,Time0,1625,MC_206,41,6,Ambient,150.681,76.505,116.219,140.697,111.845,80.256,
5/11/19,Time0,2210,MC_206,41,6,Ambient,150.681,76.505,116.219,112.168,85.774,77.376,
5/11/19,Time0,1210,MC_291,43,6,Ambient,138.011,68.506,109.856,130.845,101.282,71.339,
5/11/19,Time0,1558,MC_291,43,6,Ambient,138.011,68.506,109.856,118.337,90.749,65.679,
5/11/19,Time0,1427,MC_291,43,6,Ambient,138.011,68.506,109.856,130.956,103.956,78.474,
5/11/19,Time0,1076,MC_291,43,6,Ambient,138.011,68.506,109.856,122.846,95.9,71.653,
5/11/19,Time0,1604,MC_291,43,6,Ambient,138.011,68.506,109.856,125.005,95.214,74.511,
5/11/19,Time0,1633,MC_248,45,6,Ambient,142.819,71.855,110.271,132.527,103.963,70.373,
5/11/19,Time0,1161,MC_248,45,6,Ambient,142.819,71.855,110.271,138.991,108.032,75.393,
5/11/19,Time0,2413,MC_248,45,6,Ambient,142.819,71.855,110.271,146.413,121.68,94.333,Bleached on top
5/11/19,Time0,1331,MC_248,45,6,Ambient,142.819,71.855,110.271,134.136,104.803,74.242,
5/11/19,Time0,1462,MC_248,45,6,Ambient,142.819,71.855,110.271,151.464,125.457,100.182,Bleached on top
5/11/19,Time0,2565,MC_289,47,6,Ambient,136.937,68.629,108.482,120.204,94.958,73.108,Bleached on top
5/11/19,Time0,2874,MC_289,47,6,Ambient,136.937,68.629,108.482,152.623,127.248,97.791,Bleached on top
5/11/19,Time0,2741,MC_289,47,6,Ambient,136.937,68.629,108.482,149.257,125.335,97.831,
5/11/19,Time0,1284,MC_289,47,6,Ambient,136.937,68.629,108.482,136.501,111.84,87.025,
5/11/19,Time0,1603,MC_289,47,6,Ambient,136.937,68.629,108.482,136.884,109.532,86.081,
5/17/19,Time1,2392,MC_206,49,1,Ambient,151.548,77.572,117.139,103.383,76.529,56.075,
5/17/19,Time1,2734,MC_206,49,1,Ambient,151.548,77.572,117.139,135.296,105.873,75.836,
5/17/19,Time1,1048,MC_206,49,1,Ambient,151.548,77.572,117.139,121.428,92.527,68.144,
5/17/19,Time1,1050,MC_206,49,1,Ambient,151.548,77.572,117.139,129.476,100.975,73.826,
5/17/19,Time1,1477,MC_206,49,1,Ambient,151.548,77.572,117.139,93.195,68.871,58.981,
5/17/19,Time1,1570,MC_291,51,1,Ambient,146.271,76.438,116.861,116.396,92.542,67.949,
5/17/19,Time1,1574,MC_291,51,1,Ambient,146.271,76.438,116.861,133.343,106.436,77.906,
5/17/19,Time1,1093,MC_291,51,1,Ambient,146.271,76.438,116.861,129.794,105.162,80.409,
5/17/19,Time1,1639,MC_291,51,1,Ambient,146.271,76.438,116.861,134.028,108.238,83.863,
5/17/19,Time1,1124,MC_291,51,1,Ambient,146.271,76.438,116.861,117.445,92.591,70.436,
5/17/19,Time1,1539,MC_248,52.2,1,Ambient,137.115,69.798,109.267,144.003,120.973,95.292,
5/17/19,Time1,1740,MC_248,52.2,1,Ambient,137.115,69.798,109.267,166.914,148.679,121.429,
5/17/19,Time1,1271,MC_248,52.2,1,Ambient,137.115,69.798,109.267,170.492,149.004,120.907,
5/17/19,Time1,1544,MC_248,52.2,1,Ambient,137.115,69.798,109.267,164.518,142.906,113.23,
5/17/19,Time1,2555,MC_248,52.2,1,Ambient,137.115,69.798,109.267,154.312,131.267,100.063,
5/17/19,Time1,2519,MC_248,52.2,1,Ambient,132.402,67.577,104.34,151.819,129.157,104.085,
5/17/19,Time1,2363,MC_289,54,1,Ambient,133.804,70.645,106.988,129.407,106.54,79.776,Labeled as photo #54 - which is wrong but it has 4 Montipora and then I went back and photographed the last fragment of this genotype (1535)
5/17/19,Time1,1721,MC_289,54,1,Ambient,133.804,70.645,106.988,142.336,120.945,96.875,
5/17/19,Time1,2530,MC_289,54,1,Ambient,133.804,70.645,106.988,143.206,120.48,95.697,
5/17/19,Time1,2754,MC_289,54,1,Ambient,133.804,70.645,106.988,123.101,101.088,81.534,
5/17/19,Time1,1535,MC_289,53.2,1,Ambient,132.096,67.595,104.271,151.298,128.209,103.227,
5/17/19,Time1,1629,MC_206,57,2,High,143.685,76.299,114.666,99.147,70.939,45.922,
5/17/19,Time1,1773,MC_206,57,2,High,143.685,76.299,114.666,99.448,72.61,50.584,
5/17/19,Time1,1726,MC_206,57,2,High,143.685,76.299,114.666,134.03,108.435,81.278,
5/17/19,Time1,1688,MC_206,57,2,High,143.685,76.299,114.666,122.424,96.159,76.547,
5/17/19,Time1,1078,MC_206,57,2,High,143.685,76.299,114.666,134.635,110.153,93.493,
5/17/19,Time1,1591,MC_291,59,2,High,142.575,73.135,112.528,116.067,87.467,60.07,
5/17/19,Time1,2396,MC_291,59,2,High,142.575,73.135,112.528,122.398,95.962,71.472,
5/17/19,Time1,1725,MC_291,59,2,High,142.575,73.135,112.528,129.05,102.147,76.706,
5/17/19,Time1,2411,MC_291,59,2,High,142.575,73.135,112.528,107.778,82.796,63.297,
5/17/19,Time1,1178,MC_291,59,2,High,142.575,73.135,112.528,123.352,99.025,79.612,
5/17/19,Time1,2747,MC_248,61,2,High,148.471,76.543,117.23,126.5,101.38,74.673,
5/17/19,Time1,1095,MC_248,61,2,High,148.471,76.543,117.23,141.855,113.654,80.82,
5/17/19,Time1,1468,MC_248,61,2,High,148.471,76.543,117.23,NA,NA,NA,
5/17/19,Time1,2740,MC_248,61,2,High,148.471,76.543,117.23,148.845,124.157,98.805,
5/17/19,Time1,1142,MC_248,61,2,High,148.471,76.543,117.23,125.861,97.445,68.943,
5/17/19,Time1,1717,MC_289,63,2,High,143.235,74.551,112.841,NA,NA,NA,
5/17/19,Time1,2875,MC_289,63,2,High,143.235,74.551,112.841,127.708,101.81,77.316,
5/17/19,Time1,1624,MC_289,63,2,High,143.235,74.551,112.841,130.337,104.663,78.897,
5/17/19,Time1,2183,MC_289,63,2,High,143.235,74.551,112.841,134.528,107.391,81.23,
5/17/19,Time1,2023,MC_289,63,2,High,143.235,74.551,112.841,148.04,126.641,105.013,
5/17/19,Time1,1323,MC_206,65,3,High,143.407,78.402,114.113,121.853,97.13,71.049,
5/17/19,Time1,1063,MC_206,65,3,High,143.407,78.402,114.113,124.708,101.422,80.439,
5/17/19,Time1,1327,MC_206,65,3,High,143.407,78.402,114.113,136.618,114.024,91.737,
5/17/19,Time1,1338,MC_206,65,3,High,143.407,78.402,114.113,118.329,94.488,75.489,
5/17/19,Time1,2985,MC_206,65,3,High,143.407,78.402,114.113,114.843,93.057,79.729,
5/17/19,Time1,1328,MC_291,67,3,High,147.106,78.401,117.14,119.6,94.98,71.097,
5/17/19,Time1,2306,MC_291,67,3,High,147.106,78.401,117.14,132.298,106.206,80.132,
5/17/19,Time1,1447,MC_291,67,3,High,147.106,78.401,117.14,141.526,114.543,87.007,
5/17/19,Time1,1321,MC_291,67,3,High,147.106,78.401,117.14,126.664,102.915,80.891,
5/17/19,Time1,1587,MC_291,67,3,High,147.106,78.401,117.14,120.827,10.965,86.194,
5/17/19,Time1,1645,MC_248,69,3,High,147.598,80.691,118.756,120.852,91.915,61.373,
5/17/19,Time1,2005,MC_248,69,3,High,147.598,80.691,118.756,107.05,79.727,56.143,
5/17/19,Time1,1730,MC_248,69,3,High,147.598,80.691,118.756,146.761,124.964,99.654,
5/17/19,Time1,1277,MC_248,69,3,High,147.598,80.691,118.756,157.562,138.251,114.316,
5/17/19,Time1,1442,MC_248,69,3,High,147.598,80.691,118.756,143.214,123.208,103.019,
5/17/19,Time1,1286,MC_289,71,3,High,144.914,79.391,116.598,128.102,102.979,77.862,
5/17/19,Time1,1341,MC_289,71,3,High,144.914,79.391,116.598,140.614,118.498,95.266,
5/17/19,Time1,2998,MC_289,71,3,High,144.914,79.391,116.598,152.242,127.972,101.497,
5/17/19,Time1,2204,MC_289,71,3,High,144.914,79.391,116.598,139.994,114.247,89.742,
5/17/19,Time1,2750,MC_289,71,3,High,144.914,79.391,116.598,147.033,126.322,110.719,
5/17/19,Time1,1229,MC_206,73,4,Ambient,141.57,80.298,114.604,102.179,77.7889,57.033,
5/17/19,Time1,1236,MC_206,73,4,Ambient,141.57,80.298,114.604,111.449,89.736,70.159,
5/17/19,Time1,1736,MC_206,73,4,Ambient,141.57,80.298,114.604,137.865,114.126,88.556,
5/17/19,Time1,1121,MC_206,73,4,Ambient,141.57,80.298,114.604,136.49,112.694,89.462,
5/17/19,Time1,1258,MC_206,73,4,Ambient,141.57,80.298,114.604,114.359,94.197,78.69,
5/17/19,Time1,2871,MC_206,73,4,Ambient,141.57,80.298,114.604,106.86,90.528,86.203,
5/17/19,Time1,1157,MC_291,75,4,Ambient,147.705,83.328,119.039,114.321,90.683,67.797,
5/17/19,Time1,2212,MC_291,75,4,Ambient,147.705,83.328,119.039,116.877,93.798,72.272,
5/17/19,Time1,1302,MC_291,75,4,Ambient,147.705,83.328,119.039,121.452,96.708,72.811,
5/17/19,Time1,1775,MC_291,75,4,Ambient,147.705,83.328,119.039,114.768,90.9325,69.953,
5/17/19,Time1,1084,MC_291,75,4,Ambient,147.705,83.328,119.039,118.896,98.52,83.587,
5/17/19,Time1,1169,MC_248,77,4,Ambient,146.95,83.463,120.248,117.155,90.432,64.819,
5/17/19,Time1,2172,MC_248,77,4,Ambient,146.95,83.463,120.248,136.402,112.018,85.432,
5/17/19,Time1,1308,MC_248,77,4,Ambient,146.95,83.463,120.248,118.524,93.214,72.144,
5/17/19,Time1,1243,MC_248,77,4,Ambient,146.95,83.463,120.248,145.758,118.262,89.359,
5/17/19,Time1,1772,MC_248,77,4,Ambient,146.95,83.463,120.248,146.914,122.954,103.08,
5/17/19,Time1,2393,MC_289,79,4,Ambient,153.233,85.803,122.242,140.805,111.256,83.376,
5/17/19,Time1,1426,MC_289,79,4,Ambient,153.233,85.803,122.242,126.612,98.38,73.065,
5/17/19,Time1,1595,MC_289,79,4,Ambient,153.233,85.803,122.242,147.415,126.082,105.393,
5/17/19,Time1,2153,MC_289,79,4,Ambient,153.233,85.803,122.242,130.307,103.189,79.801,
5/17/19,Time1,1609,MC_289,79,4,Ambient,153.233,85.803,122.242,140.153,117.98,100.971,
5/17/19,Time1,1598,MC_206,81,5,High,145.742,85.513,120.232,113.428,91.364,73.413,
5/17/19,Time1,2999,MC_206,81,5,High,145.742,85.513,120.232,132.14,110.084,88.586,
5/17/19,Time1,1307,MC_206,81,5,High,145.742,85.513,120.232,122.351,102.474,87.335,
5/17/19,Time1,2025,MC_206,81,5,High,145.742,85.513,120.232,136.306,115.44,98.424,
5/17/19,Time1,1744,MC_206,81,5,High,145.742,85.513,120.232,122.428,104.326,96.819,
5/17/19,Time1,2019,MC_206,81,5,High,143.421,78.76,115.758,113.339,88.859,71.6,
5/17/19,Time1,1303,MC_291,83,5,High,148.874,84.139,120.671,118.094,95.701,74.437,
5/17/19,Time1,1475,MC_291,83,5,High,148.874,84.139,120.671,152.575,130.364,104.858,
5/17/19,Time1,1239,MC_291,83,5,High,148.874,84.139,120.671,137.664,114.456,92.28,
5/17/19,Time1,2534,MC_291,83,5,High,148.874,84.139,120.671,151.86,129.827,107.868,
5/17/19,Time1,2756,MC_291,83,5,High,148.874,84.139,120.671,111.119,90.407,76.535,
5/17/19,Time1,1256,MC_248,85,5,High,144.891,81.964,117.071,141.746,119.993,92.318,
5/17/19,Time1,1565,MC_248,85,5,High,144.891,81.964,117.071,125.204,103.565,80.141,
5/17/19,Time1,1294,MC_248,85,5,High,144.891,81.964,117.071,145.175,123.489,98.754,
5/17/19,Time1,1738,MC_248,85,5,High,144.891,81.964,117.071,116.744,91.291,68.174,
5/17/19,Time1,1710,MC_248,85,5,High,144.891,81.964,117.071,121.472,101.111,86.168,
5/17/19,Time1,1418,MC_289,87,5,High,143.972,82.792,117.263,133.222,106.755,77.473,
5/17/19,Time1,1262,MC_289,87,5,High,143.972,82.792,117.263,143.6,119.561,93.124,
5/17/19,Time1,2058,MC_289,87,5,High,143.972,82.792,117.263,167.986,150.449,127.288,
5/17/19,Time1,1713,MC_289,87,5,High,143.972,82.792,117.263,161.865,143.201,121.158,
5/17/19,Time1,2878,MC_289,87,5,High,143.972,82.792,117.263,125.395,106.655,94.022,
5/17/19,Time1,1753,MC_206,89,6,Ambient,147.712,86.701,119.867,135.305,114.037,91.642,
5/17/19,Time1,1052,MC_206,89,6,Ambient,147.712,86.701,119.867,123.444,99.353,73.629,
5/17/19,Time1,2996,MC_206,89,6,Ambient,147.712,86.701,119.867,133.518,113.547,94.917,
5/17/19,Time1,1625,MC_206,89,6,Ambient,147.712,86.701,119.867,142.942,121.691,99.035,
5/17/19,Time1,2210,MC_206,89,6,Ambient,147.712,86.701,119.867,124.208,105.425,98.938,
5/17/19,Time1,1210,MC_291,91,6,Ambient,143.8,80.789,117.487,135.553,114.207,91.497,
5/17/19,Time1,1558,MC_291,91,6,Ambient,143.8,80.789,117.487,140.577,119.305,95.779,
5/17/19,Time1,1427,MC_291,91,6,Ambient,143.8,80.789,117.487,160.58,141.843,118.391,
5/17/19,Time1,1076,MC_291,91,6,Ambient,143.8,80.789,117.487,136.848,116.989,97.085,
5/17/19,Time1,1604,MC_291,91,6,Ambient,143.8,80.789,117.487,140.303,118.902,98.928,
5/17/19,Time1,1633,MC_248,93,6,Ambient,144.751,84.348,120.496,135.135,110.355,80.858,
5/17/19,Time1,1161,MC_248,93,6,Ambient,144.751,84.348,120.496,139.423,113.395,84.177,
5/17/19,Time1,2413,MC_248,93,6,Ambient,144.751,84.348,120.496,150.826,130.861,107.316,
5/17/19,Time1,1331,MC_248,93,6,Ambient,144.751,84.348,120.496,137.464,113.32,87.264,
5/17/19,Time1,1462,MC_248,93,6,Ambient,144.751,84.348,120.496,152.676,131.484,109.077,
5/17/19,Time1,2565,MC_289,95,6,Ambient,144.829,86.386,119.455,139.697,119.296,97.944,
5/17/19,Time1,2874,MC_289,95,6,Ambient,144.829,86.386,119.455,156.879,135.825,110.287,
5/17/19,Time1,2741,MC_289,95,6,Ambient,144.829,86.386,119.455,156.078,138.264,116.543,
5/17/19,Time1,1284,MC_289,95,6,Ambient,144.829,86.386,119.455,144.838,125.827,102.988,
5/17/19,Time1,1603,MC_289,95,6,Ambient,144.829,86.386,119.455,147.059,126.384,105.89,
5/21/19,Time2,2392,MC_206,1,1,Ambient,146.887,91.063,121.843,112.672,93.342,76.85,
5/21/19,Time2,2734,MC_206,1,1,Ambient,146.887,91.063,121.843,132.63,109.82,96.092,
5/21/19,Time2,1050,MC_206,1,1,Ambient,146.887,91.063,121.843,154.326,132.014,107.505,
5/21/19,Time2,1048,MC_206,1,1,Ambient,146.887,91.063,121.843,136.187,114.01,94.161,
5/21/19,Time2,1477,MC_206,1,1,Ambient,146.887,91.063,121.843,131.541,111.579,103.145,
5/21/19,Time2,1570,MC_291,3,1,Ambient,141.283,86.044,118.113,122.394,103.758,83.681,
5/21/19,Time2,1574,MC_291,3,1,Ambient,141.283,86.044,118.113,135.418,113.224,90.36,
5/21/19,Time2,1093,MC_291,3,1,Ambient,141.283,86.044,118.113,136.892,115.561,93.926,
5/21/19,Time2,1639,MC_291,3,1,Ambient,141.283,86.044,118.113,143.001,123.264,105.526,
5/21/19,Time2,1124,MC_291,3,1,Ambient,141.283,86.044,118.113,123.752,105.808,99.598,
5/21/19,Time2,1539,MC_248,5,1,Ambient,138.776,87.012,118.531,114.117,92.673,72.076,
5/21/19,Time2,1740,MC_248,5,1,Ambient,138.776,87.012,118.531,143.24,121.146,93.291,
5/21/19,Time2,1271,MC_248,5,1,Ambient,138.776,87.012,118.531,156.323,137.184,109.342,
5/21/19,Time2,1544,MC_248,5,1,Ambient,138.776,87.012,118.531,143.129,123.905,102.895,
5/21/19,Time2,2555,MC_248,5,1,Ambient,138.776,87.012,118.531,132.289,112.673,96.045,
5/21/19,Time2,2519,MC_248,5,1,Ambient,138.776,87.012,118.531,140.583,122.53,114.588,
5/21/19,Time2,2363,MC_289,7,1,Ambient,143.593,87.722,119.501,137.205,114.909,88.74,
5/21/19,Time2,1721,MC_289,7,1,Ambient,143.593,87.722,119.501,144.913,125.245,100.653,
5/21/19,Time2,2530,MC_289,7,1,Ambient,143.593,87.722,119.501,159.637,141.662,120.254,
5/21/19,Time2,2754,MC_289,7,1,Ambient,143.593,87.722,119.501,132.072,110.741,92.512,
5/21/19,Time2,1535,MC_289,7,1,Ambient,143.593,87.722,119.501,159.108,143.848,132.046,
5/21/19,Time2,1629,MC_206,9,2,High,145.95,90.328,122.404,107.025,83.164,63.461,
5/21/19,Time2,1773,MC_206,9,2,High,145.95,90.328,122.404,108.32,86.632,69.698,
5/21/19,Time2,1726,MC_206,9,2,High,145.95,90.328,122.404,130.385,108.872,89.838,
5/21/19,Time2,1688,MC_206,9,2,High,145.95,90.328,122.404,137.719,115.434,97.591,
5/21/19,Time2,1078,MC_206,9,2,High,145.95,90.328,122.404,143.736,123.64,121.94,
5/21/19,Time2,1591,MC_291,11,2,High,145.925,88.018,121.163,125.003,101.349,80.75,
5/21/19,Time2,2396,MC_291,11,2,High,145.925,88.018,121.163,138.526,117.015,98.41,
5/21/19,Time2,1725,MC_291,11,2,High,145.925,88.018,121.163,130.403,107.883,89.377,
5/21/19,Time2,2411,MC_291,11,2,High,145.925,88.018,121.163,136.44,113.666,94.164,
5/21/19,Time2,1178,MC_291,11,2,High,145.925,88.018,121.163,127.477,108.838,101.871,
5/21/19,Time2,2747,MC_248,13,2,High,139.926,84.117,116.367,130.546,111.224,89.262,
5/21/19,Time2,1095,MC_248,13,2,High,139.926,84.117,116.367,144.501,121.222,91.742,
5/21/19,Time2,1468,MC_248,13,2,High,139.926,84.117,116.367,NA,NA,NA,
5/21/19,Time2,2740,MC_248,13,2,High,139.926,84.117,116.367,147.029,126.86,103.389,
5/21/19,Time2,1142,MC_248,13,2,High,139.926,84.117,116.367,125.996,103.952,85.126,
5/21/19,Time2,1717,MC_289,15,2,High,141.734,86.377,119.563,NA,NA,NA,
5/21/19,Time2,2875,MC_289,15,2,High,141.734,86.377,119.563,128.89,108.236,87.159,
5/21/19,Time2,1624,MC_289,15,2,High,141.734,86.377,119.563,133.649,111.066,87.892,
5/21/19,Time2,2183,MC_289,15,2,High,141.734,86.377,119.563,138.26,116.089,94.619,
5/21/19,Time2,2023,MC_289,15,2,High,141.734,86.377,119.563,152.047,133.528,112.775,
5/21/19,Time2,1323,MC_206,17,3,High,144.025,88.944,119.81,133.782,112.634,89.164,
5/21/19,Time2,1063,MC_206,17,3,High,144.025,88.944,119.81,125.943,104.852,84.971,
5/21/19,Time2,1327,MC_206,17,3,High,144.025,88.944,119.81,144.141,125.451,104.472,
5/21/19,Time2,1338,MC_206,17,3,High,144.025,88.944,119.81,125.609,106.059,88.791,
5/21/19,Time2,2985,MC_206,17,3,High,144.025,88.944,119.81,126.283,109.446,98.915,
5/21/19,Time2,1328,MC_291,19,3,High,141.007,87.014,116.422,120.52,101.851,83.575,
5/21/19,Time2,2306,MC_291,19,3,High,141.007,87.014,116.422,140.716,120.527,97.22,
5/21/19,Time2,1447,MC_291,19,3,High,141.007,87.014,116.422,147.852,126.671,103.941,
5/21/19,Time2,1321,MC_291,19,3,High,141.007,87.014,116.422,129.908,109.797,92.056,
5/21/19,Time2,1587,MC_291,19,3,High,141.007,87.014,116.422,121.284,105.732,96.021,
5/21/19,Time2,1645,MC_248,21,3,High,142.203,86.128,119.033,131.298,107.222,79.505,
5/21/19,Time2,2005,MC_248,21,3,High,142.203,86.128,119.033,127.675,104.105,80.129,
5/21/19,Time2,1730,MC_248,21,3,High,142.203,86.128,119.033,131.316,113.826,93.009,
5/21/19,Time2,1277,MC_248,21,3,High,142.203,86.128,119.033,152.582,135.367,114.168,
5/21/19,Time2,1442,MC_248,21,3,High,142.203,86.128,119.033,158.84,143.826,131.56,
5/21/19,Time2,1286,MC_289,23,3,High,142.914,87.941,118.691,125.608,106.218,84.414,
5/21/19,Time2,1341,MC_289,23,3,High,142.914,87.941,118.691,133.857,113.176,90.187,
5/21/19,Time2,2998,MC_289,23,3,High,142.914,87.941,118.691,138.538,116.422,92.848,
5/21/19,Time2,2204,MC_289,23,3,High,142.914,87.941,118.691,146.518,126.589,105.173,
5/21/19,Time2,2750,MC_289,23,3,High,142.914,87.941,118.691,136.28,116.693,99.129,
5/21/19,Time2,1229,MC_206,25,4,Ambient,144.092,89.938,118.928,107.961,85.673,70.759,
5/21/19,Time2,1236,MC_206,25,4,Ambient,144.092,89.938,118.928,114.287,95.067,81.711,
5/21/19,Time2,1736,MC_206,25,4,Ambient,144.092,89.938,118.928,138.406,116.47,97.222,
5/21/19,Time2,1121,MC_206,25,4,Ambient,144.092,89.938,118.928,130.759,111.195,98.228,
5/21/19,Time2,1258,MC_206,25,4,Ambient,144.092,89.938,118.928,111.908,95.478,90.085,
5/21/19,Time2,2871,MC_206,25,4,Ambient,144.092,89.938,118.928,115.471,100.269,102.153,
5/21/19,Time2,1157,MC_291,27,4,Ambient,145.068,88.752,117.485,114.631,91.963,75.798,
5/21/19,Time2,2212,MC_291,27,4,Ambient,145.068,88.752,117.485,125.976,105.053,90.199,
5/21/19,Time2,1302,MC_291,27,4,Ambient,145.068,88.752,117.485,119.592,97.212,82.95,
5/21/19,Time2,1775,MC_291,27,4,Ambient,145.068,88.752,117.485,118.512,100.519,89.842,
5/21/19,Time2,1084,MC_291,27,4,Ambient,145.068,88.752,117.485,132.587,116.205,110.454,
5/21/19,Time2,1169,MC_248,29,4,Ambient,143.078,89.396,117.339,126.936,104.989,85.794,
5/21/19,Time2,2172,MC_248,29,4,Ambient,143.078,89.396,117.339,142.438,120.155,99.676,
5/21/19,Time2,1308,MC_248,29,4,Ambient,143.078,89.396,117.339,130.056,107.222,88.824,
5/21/19,Time2,1243,MC_248,29,4,Ambient,143.078,89.396,117.339,148.912,125.118,104.608,
5/21/19,Time2,1772,MC_248,29,4,Ambient,143.078,89.396,117.339,146.487,124.658,108.227,
5/21/19,Time2,2393,MC_289,31,4,Ambient,144.428,90.424,117.075,145.982,119.233,97.13,
5/21/19,Time2,1426,MC_289,31,4,Ambient,144.428,90.424,117.075,125.252,98.322,80.294,
5/21/19,Time2,1595,MC_289,31,4,Ambient,144.428,90.424,117.075,144.44,122.765,106.08,
5/21/19,Time2,2153,MC_289,31,4,Ambient,144.428,90.424,117.075,139.632,114.919,99.948,
5/21/19,Time2,1609,MC_289,31,4,Ambient,144.428,90.424,117.075,136.156,116.215,106.786,
5/21/19,Time2,1598,MC_206,33,5,High,146.974,99.101,118.938,117.196,97.004,82.947,
5/21/19,Time2,2999,MC_206,33,5,High,146.974,99.101,118.938,127.717,108.673,92.387,
5/21/19,Time2,1307,MC_206,33,5,High,146.974,99.101,118.938,135.367,118.263,104.235,
5/21/19,Time2,2025,MC_206,33,5,High,146.974,99.101,118.938,144.855,125.385,108.61,
5/21/19,Time2,1744,MC_206,33,5,High,146.974,99.101,118.938,135.709,119.424,108.678,
5/21/19,Time2,2019,MC_206,33,5,High,146.974,99.101,118.938,121.158,109.103,117.871,
5/21/19,Time2,1303,MC_291,35,5,High,150.229,90.504,117.291,124.523,101.097,84.212,
5/21/19,Time2,1475,MC_291,35,5,High,150.229,90.504,117.291,161.579,137.373,114.195,
5/21/19,Time2,1239,MC_291,35,5,High,150.229,90.504,117.291,140.185,115.975,98.234,
5/21/19,Time2,2534,MC_291,35,5,High,150.229,90.504,117.291,154.701,132.678,116.246,
5/21/19,Time2,2756,MC_291,35,5,High,150.229,90.504,117.291,131.446,113.446,106.934,
5/21/19,Time2,1256,MC_248,37,5,High,149.92,91.776,119.177,159.547,137.127,114.932,
5/21/19,Time2,1565,MC_248,37,5,High,149.92,91.776,119.177,128.393,102.784,82.6,
5/21/19,Time2,1294,MC_248,37,5,High,149.92,91.776,119.177,155.734,131.053,108.582,
5/21/19,Time2,1738,MC_248,37,5,High,149.92,91.776,119.177,124.396,99.618,84.196,
5/21/19,Time2,1710,MC_248,37,5,High,149.92,91.776,119.177,127.34,106.87,97.799,
5/21/19,Time2,1418,MC_289,39,5,High,146.006,92.579,116.833,148.363,123.394,99.791,
5/21/19,Time2,1262,MC_289,39,5,High,146.006,92.579,116.833,152.214,127.32,103.151,
5/21/19,Time2,2058,MC_289,39,5,High,146.006,92.579,116.833,166.854,145.714,123.691,
5/21/19,Time2,1713,MC_289,39,5,High,146.006,92.579,116.833,148.641,128.915,112.451,
5/21/19,Time2,2878,MC_289,39,5,High,146.006,92.579,116.833,135.788,119.325,111.137,
5/21/19,Time2,1753,MC_206,41,6,Ambient,150.037,95.494,118.791,139.683,116.625,99.096,
5/21/19,Time2,1052,MC_206,41,6,Ambient,150.037,95.494,118.791,127.104,101.341,81.284,
5/21/19,Time2,2996,MC_206,41,6,Ambient,150.037,95.494,118.791,140.85,120.515,105.767,
5/21/19,Time2,1625,MC_206,41,6,Ambient,150.037,95.494,118.791,146.458,123.429,107.048,
5/21/19,Time2,2210,MC_206,41,6,Ambient,150.037,95.494,118.791,140.262,123.129,125.245,
5/21/19,Time2,1210,MC_291,43,6,Ambient,150.464,92.78,118.398,133.132,108.738,89.476,
5/21/19,Time2,1558,MC_291,43,6,Ambient,150.464,92.78,118.398,146.686,125.655,108.3,
5/21/19,Time2,1427,MC_291,43,6,Ambient,150.464,92.78,118.398,163.693,143.888,125.491,
5/21/19,Time2,1076,MC_291,43,6,Ambient,150.464,92.78,118.398,142.594,122.745,108.579,
5/21/19,Time2,1604,MC_291,43,6,Ambient,150.464,92.78,118.398,144.855,125.403,114.888,
5/21/19,Time2,1633,MC_248,45,6,Ambient,147.823,91.188,115.458,142.482,118.743,95.944,
5/21/19,Time2,1161,MC_248,45,6,Ambient,147.823,91.188,115.458,147.977,122.239,98.081,
5/21/19,Time2,2413,MC_248,45,6,Ambient,147.823,91.188,115.458,164.996,146.599,127.532,
5/21/19,Time2,1331,MC_248,45,6,Ambient,147.823,91.188,115.458,142.367,118.256,98.91,
5/21/19,Time2,1462,MC_248,45,6,Ambient,147.823,91.188,115.458,158.011,139.636,126.809,
5/21/19,Time2,2565,MC_289,47,6,Ambient,148.779,91.586,117.089,141.647,117.476,100.405,
5/21/19,Time2,2874,MC_289,47,6,Ambient,148.779,91.586,117.089,160.729,134.619,112.833,
5/21/19,Time2,2741,MC_289,47,6,Ambient,148.779,91.586,117.089,161.868,140.365,123.574,
5/21/19,Time2,1284,MC_289,47,6,Ambient,148.779,91.586,117.089,156.513,134.632,117.708,
5/21/19,Time2,1603,MC_289,47,6,Ambient,148.779,91.586,117.089,154.859,132.662,120.504,
5/24/19,Time3,2392,MC_206,1,1,Ambient,155.939,113.352,136.441,128.45,113.291,102.001,
5/24/19,Time3,2734,MC_206,1,1,Ambient,155.939,113.352,136.441,146.643,127.858,111.101,
5/24/19,Time3,1050,MC_206,1,1,Ambient,155.939,113.352,136.441,158.548,140.653,124.496,
5/24/19,Time3,1048,MC_206,1,1,Ambient,155.939,113.352,136.441,149.049,133.585,125.396,
5/24/19,Time3,1477,MC_206,1,1,Ambient,NA,NA,NA,NA,NA,NA,Sampled - 5/22/19
5/24/19,Time3,1570,MC_291,3,1,Ambient,151.882,109.587,132.685,140.163,125.307,111.885,
5/24/19,Time3,1574,MC_291,3,1,Ambient,151.882,109.587,132.685,147.999,131.456,117.618,
5/24/19,Time3,1093,MC_291,3,1,Ambient,151.882,109.587,132.685,155.231,139.77,127.189,
5/24/19,Time3,1639,MC_291,3,1,Ambient,151.882,109.587,132.685,153.37,140.86,135.939,
5/24/19,Time3,1124,MC_291,3,1,Ambient,NA,NA,NA,NA,NA,NA,Sampled - 5/22/19
5/24/19,Time3,1539,MC_248,5,1,Ambient,153.166,110.745,134.945,129.442,112.51,98.132,
5/24/19,Time3,1740,MC_248,5,1,Ambient,153.166,110.745,134.945,154.292,136.516,115.199,
5/24/19,Time3,1271,MC_248,5,1,Ambient,153.166,110.745,134.945,159.167,142.675,122.04,
5/24/19,Time3,1544,MC_248,5,1,Ambient,153.166,110.745,134.945,153.627,138.411,124.879,
5/24/19,Time3,2555,MC_248,5,1,Ambient,153.166,110.745,134.945,158.518,146.423,136.595,
5/24/19,Time3,2519,MC_248,5,1,Ambient,NA,NA,NA,NA,NA,NA,Sampled - 5/22/19
5/24/19,Time3,2363,MC_289,7,1,Ambient,149.863,106.773,131.947,142.501,125.122,107.583,
5/24/19,Time3,1721,MC_289,7,1,Ambient,149.863,106.773,131.947,151.496,134.412,116.527,
5/24/19,Time3,2530,MC_289,7,1,Ambient,149.863,106.773,131.947,149.709,133.886,119.383,
5/24/19,Time3,2754,MC_289,7,1,Ambient,149.863,106.773,131.947,140.366,125.415,117.417,
5/24/19,Time3,1535,MC_289,7,1,Ambient,NA,NA,NA,NA,NA,NA,Sampled - 5/22/19
5/24/19,Time3,1629,MC_206,9,2,High,155.864,104.793,136.06,114.813,92.187,76.66,
5/24/19,Time3,1773,MC_206,9,2,High,155.864,104.793,136.06,124.285,104.463,91.066,
5/24/19,Time3,1726,MC_206,9,2,High,155.864,104.793,136.06,136.789,115.526,100.447,
5/24/19,Time3,1688,MC_206,9,2,High,155.864,104.793,136.06,141.125,124.607,118.184,
5/24/19,Time3,1078,MC_206,9,2,High,NA,NA,NA,NA,NA,NA,Sampled - 5/22/19
5/24/19,Time3,1591,MC_291,11,2,High,151.744,96.186,127.04,116.893,93.697,77.351,
5/24/19,Time3,2396,MC_291,11,2,High,151.744,96.186,127.04,130.923,111.298,97.14,
5/24/19,Time3,1725,MC_291,11,2,High,151.744,96.186,127.04,129.243,106.479,89.549,
5/24/19,Time3,2411,MC_291,11,2,High,151.744,96.186,127.04,139.864,120.259,107.319,
5/24/19,Time3,1178,MC_291,11,2,High,NA,NA,NA,NA,NA,NA,Sampled - 5/22/19
5/24/19,Time3,2747,MC_248,13,2,High,153.158,99.689,130.146,143.876,124.104,105.275,
5/24/19,Time3,1095,MC_248,13,2,High,153.158,99.689,130.146,155.519,131.969,107.847,
5/24/19,Time3,1468,MC_248,13,2,High,NA,NA,NA,NA,NA,NA,Dead
5/24/19,Time3,2740,MC_248,13,2,High,153.158,99.689,130.146,158.934,139.92,120.625,
5/24/19,Time3,1142,MC_248,13,2,High,NA,NA,NA,NA,NA,NA,Sampled - 5/22/19
5/24/19,Time3,1717,MC_289,15,2,High,NA,NA,NA,NA,NA,NA,Dead
5/24/19,Time3,2875,MC_289,15,2,High,147.434,92.248,126.696,137.214,116.688,94.7,
5/24/19,Time3,1624,MC_289,15,2,High,147.434,92.248,126.696,151.337,131.593,109.874,
5/24/19,Time3,2183,MC_289,15,2,High,147.434,92.248,126.696,142.605,123.827,109.336,
5/24/19,Time3,2023,MC_289,15,2,High,NA,NA,NA,NA,NA,NA,Sampled - 5/22/19
5/24/19,Time3,1323,MC_206,17,3,High,153.022,98.365,128.331,139.019,115.264,94.534,
5/24/19,Time3,1063,MC_206,17,3,High,153.022,98.365,128.331,139.293,119.552,103.503,
5/24/19,Time3,1327,MC_206,17,3,High,153.022,98.365,128.331,147.819,127.156,110.329,
5/24/19,Time3,1338,MC_206,17,3,High,153.022,98.365,128.331,132.529,114.597,105.113,
5/24/19,Time3,2985,MC_206,17,3,High,NA,NA,NA,NA,NA,NA,Sampled - 5/22/19
5/24/19,Time3,1328,MC_291,19,3,High,149.915,91.838,122.653,126.022,105.613,88.908,
5/24/19,Time3,2306,MC_291,19,3,High,149.915,91.838,122.653,147.567,124.868,102.666,
5/24/19,Time3,1447,MC_291,19,3,High,149.915,91.838,122.653,138.697,116.475,98.824,
5/24/19,Time3,1321,MC_291,19,3,High,149.915,91.838,122.653,128.849,108.397,95.102,
5/24/19,Time3,1587,MC_291,19,3,High,NA,NA,NA,NA,NA,NA,Sampled - 5/22/19
5/24/19,Time3,1645,MC_248,21,3,High,164.086,107.896,141.059,147.751,122.474,100.608,
5/24/19,Time3,2005,MC_248,21,3,High,164.086,107.896,141.059,134.069,110.326,94.536,
5/24/19,Time3,1730,MC_248,21,3,High,164.086,107.896,141.059,143.299,121.552,105.641,
5/24/19,Time3,1277,MC_248,21,3,High,164.086,107.896,141.059,168.917,151.763,137.281,
5/24/19,Time3,1442,MC_248,21,3,High,NA,NA,NA,NA,NA,NA,Sampled - 5/22/19
5/24/19,Time3,1286,MC_289,23,3,High,156.473,94.46,126.326,133.051,108.292,89.792,
5/24/19,Time3,1341,MC_289,23,3,High,156.473,94.46,126.326,165.657,140.788,117.772,
5/24/19,Time3,2998,MC_289,23,3,High,156.473,94.46,126.326,140.019,112.682,92.863,
5/24/19,Time3,2204,MC_289,23,3,High,156.473,94.46,126.326,158.249,133.505,113.139,
5/24/19,Time3,2750,MC_289,23,3,High,NA,NA,NA,NA,NA,NA,Sampled - 5/22/19
5/24/19,Time3,1229,MC_206,25,4,Ambient,156.745,110.57,135.901,116.838,99.763,90.245,
5/24/19,Time3,1236,MC_206,25,4,Ambient,156.745,110.57,135.901,133.112,117.226,105.011,
5/24/19,Time3,1736,MC_206,25,4,Ambient,156.745,110.57,135.901,157.215,140.522,123.312,
5/24/19,Time3,1121,MC_206,25,4,Ambient,156.745,110.57,135.901,146.753,129.69,115.769,
5/24/19,Time3,1258,MC_206,25,4,Ambient,156.745,110.57,135.901,130.224,118.893,115.549,
5/24/19,Time3,2871,MC_206,25,4,Ambient,NA,NA,NA,NA,NA,NA,Sampled - 5/22/19
5/24/19,Time3,1157,MC_291,27,4,Ambient,152.822,105.775,132.862,131.099,112.785,97.896,
5/24/19,Time3,2212,MC_291,27,4,Ambient,152.822,105.775,132.862,138.089,120.507,105.716,
5/24/19,Time3,1302,MC_291,27,4,Ambient,152.822,105.775,132.862,134.78,115.841,102.192,
5/24/19,Time3,1775,MC_291,27,4,Ambient,152.822,105.775,132.862,133.78,117.742,108.039,
5/24/19,Time3,1084,MC_291,27,4,Ambient,NA,NA,NA,NA,NA,NA,Sampled - 5/22/19
5/24/19,Time3,1169,MC_248,29,4,Ambient,149.532,100.185,126.759,133.246,113.158,96.738,
5/24/19,Time3,2172,MC_248,29,4,Ambient,149.532,100.185,126.759,147.743,127.466,109.383,
5/24/19,Time3,1308,MC_248,29,4,Ambient,149.532,100.185,126.759,138.815,118.41,103.07,
5/24/19,Time3,1243,MC_248,29,4,Ambient,149.532,100.185,126.759,153.277,132.774,117.062,
5/24/19,Time3,1772,MC_248,29,4,Ambient,NA,NA,NA,NA,NA,NA,Sampled - 5/22/19
5/24/19,Time3,2393,MC_289,31,4,Ambient,155.921,108.405,134.28,144.008,118.173,95.821,
5/24/19,Time3,1426,MC_289,31,4,Ambient,155.921,108.405,134.28,134.919,112.032,94.094,
5/24/19,Time3,1595,MC_289,31,4,Ambient,155.921,108.405,134.28,155.762,138.196,122.003,
5/24/19,Time3,2153,MC_289,31,4,Ambient,155.921,108.405,134.28,142.097,123.634,111.15,
5/24/19,Time3,1609,MC_289,31,4,Ambient,NA,NA,NA,NA,NA,NA,Sampled - 5/22/19
5/24/19,Time3,1598,MC_206,33,5,High,156.21,105.337,130.539,122.189,101.964,93.028,
5/24/19,Time3,2999,MC_206,33,5,High,156.21,105.337,130.539,140.477,118.734,101.841,
5/24/19,Time3,1307,MC_206,33,5,High,156.21,105.337,130.539,141.022,121.899,109.375,
5/24/19,Time3,2025,MC_206,33,5,High,156.21,105.337,130.539,143.143,124.479,111.642,
5/24/19,Time3,1744,MC_206,33,5,High,156.21,105.337,130.539,141.542,126.342,117.355,
5/24/19,Time3,2019,MC_206,33,5,High,NA,NA,NA,NA,NA,NA,Sampled - 5/22/19
5/24/19,Time3,1303,MC_291,35,5,High,157.439,100.417,129.473,141.772,118.353,102.394,
5/24/19,Time3,1475,MC_291,35,5,High,157.439,100.417,129.473,173.078,149.455,129.153,
5/24/19,Time3,1239,MC_291,35,5,High,157.439,100.417,129.473,151.37,127.497,112.895,
5/24/19,Time3,2534,MC_291,35,5,High,157.439,100.417,129.473,159.162,137.333,124.62,
5/24/19,Time3,2756,MC_291,35,5,High,NA,NA,NA,NA,NA,NA,Sampled - 5/22/19
5/24/19,Time3,1256,MC_248,37,5,High,151.029,93.403,123.708,168.241,147.998,126.117,
5/24/19,Time3,1565,MC_248,37,5,High,151.029,93.403,123.708,138.087,117.126,99.791,
5/24/19,Time3,1294,MC_248,37,5,High,151.029,93.403,123.708,149.663,127.415,107.505,
5/24/19,Time3,1738,MC_248,37,5,High,151.029,93.403,123.708,128.817,108.192,98.465,
5/24/19,Time3,1710,MC_248,37,5,High,NA,NA,NA,NA,NA,NA,Sampled - 5/22/19
5/24/19,Time3,1418,MC_289,39,5,High,155.955,97.299,126.169,147.65,120.912,97.804,
5/24/19,Time3,1262,MC_289,39,5,High,155.955,97.299,126.169,162.619,137.112,115.007,
5/24/19,Time3,2058,MC_289,39,5,High,155.955,97.299,126.169,168.417,146.122,126.401,
5/24/19,Time3,1713,MC_289,39,5,High,155.955,97.299,126.169,140.385,119.74,107.487,
5/24/19,Time3,2878,MC_289,39,5,High,NA,NA,NA,NA,NA,NA,Sampled - 5/22/19
5/24/19,Time3,1753,MC_206,41,6,Ambient,161.691,109.451,138.237,149.399,126.404,106.882,
5/24/19,Time3,1052,MC_206,41,6,Ambient,161.691,109.451,138.237,140.455,117.009,98.727,
5/24/19,Time3,2996,MC_206,41,6,Ambient,161.691,109.451,138.237,147.991,127.754,113.583,
5/24/19,Time3,1625,MC_206,41,6,Ambient,161.691,109.451,138.237,153.041,136.547,127.941,
5/24/19,Time3,2210,MC_206,41,6,Ambient,NA,NA,NA,NA,NA,NA,Sampled - 5/22/19
5/24/19,Time3,1210,MC_291,43,6,Ambient,144.813,93.121,119.372,132.467,113.639,96.997,
5/24/19,Time3,1558,MC_291,43,6,Ambient,144.813,93.121,119.372,140.304,123.302,107.637,
5/24/19,Time3,1427,MC_291,43,6,Ambient,144.813,93.121,119.372,153.942,135.222,114.908,
5/24/19,Time3,1076,MC_291,43,6,Ambient,144.813,93.121,119.372,131.975,115.469,103.329,
5/24/19,Time3,1604,MC_291,43,6,Ambient,NA,NA,NA,NA,NA,NA,Sampled - 5/22/19
5/24/19,Time3,1633,MC_248,45,6,Ambient,148.969,101.059,127.95,138.362,119.439,98.638,
5/24/19,Time3,1161,MC_248,45,6,Ambient,148.969,101.059,127.95,150.04,130.223,107.876,
5/24/19,Time3,2413,MC_248,45,6,Ambient,148.969,101.059,127.95,161.903,146.808,128.632,
5/24/19,Time3,1331,MC_248,45,6,Ambient,148.969,101.059,127.95,139.651,121.169,105.608,
5/24/19,Time3,1462,MC_248,45,6,Ambient,NA,NA,NA,NA,NA,NA,Sampled - 5/22/19
5/24/19,Time3,2565,MC_289,47,6,Ambient,147.055,94.365,124.008,144.688,127.341,108.893,
5/24/19,Time3,2874,MC_289,47,6,Ambient,147.055,94.365,124.008,159.46,140.449,118.371,
5/24/19,Time3,2741,MC_289,47,6,Ambient,147.055,94.365,124.008,158.926,141.589,122.879,
5/24/19,Time3,1284,MC_289,47,6,Ambient,147.055,94.365,124.008,146.005,131.629,117.751,
5/24/19,Time3,1603,MC_289,47,6,Ambient,NA,NA,NA,NA,NA,NA,Sampled - 5/22/19
5/28/19,Time4,2392,MC_206,1,1,Ambient,NA,NA,NA,NA,NA,NA,Sampled - 5/27/19
5/28/19,Time4,2734,MC_206,1,1,Ambient,149.856,92.825,127.592,123.276,99.945,77.966,
5/28/19,Time4,1050,MC_206,1,1,Ambient,149.856,92.825,127.592,144.753,119.438,90.875,
5/28/19,Time4,1048,MC_206,1,1,Ambient,149.856,92.825,127.592,131.37,108.843,90.712,
5/28/19,Time4,1477,MC_206,1,1,Ambient,NA,NA,NA,NA,NA,NA,Sampled - 5/22/19
5/28/19,Time4,1570,MC_291,3,1,Ambient,NA,NA,NA,NA,NA,NA,Sampled - 5/27/19
5/28/19,Time4,1574,MC_291,3,1,Ambient,146.936,86.632,120.421,120.977,97.082,75.033,
5/28/19,Time4,1093,MC_291,3,1,Ambient,146.936,86.632,120.421,139.243,114.114,86.953,
5/28/19,Time4,1639,MC_291,3,1,Ambient,146.936,86.632,120.421,132.4,108.904,87.26,
5/28/19,Time4,1124,MC_291,3,1,Ambient,NA,NA,NA,NA,NA,NA,Sampled - 5/22/19
5/28/19,Time4,1539,MC_248,5,1,Ambient,NA,NA,NA,NA,NA,NA,Sampled - 5/27/19
5/28/19,Time4,1740,MC_248,5,1,Ambient,150.929,90.473,125.886,135.962,110.538,80.281,
5/28/19,Time4,1271,MC_248,5,1,Ambient,150.929,90.473,125.886,155.521,131.218,96.988,
5/28/19,Time4,1544,MC_248,5,1,Ambient,150.929,90.473,125.886,133.243,108.592,83.31,
5/28/19,Time4,2555,MC_248,5,1,Ambient,150.929,90.473,125.886,133.456,111.665,92.23,
5/28/19,Time4,2519,MC_248,5,1,Ambient,NA,NA,NA,NA,NA,NA,Sampled - 5/22/19
5/28/19,Time4,2363,MC_289,7,1,Ambient,NA,NA,NA,NA,NA,NA,Sampled - 5/27/19
5/28/19,Time4,1721,MC_289,7,1,Ambient,148.148,89.399,123.026,131.249,108.588,82.91,
5/28/19,Time4,2530,MC_289,7,1,Ambient,148.148,89.399,123.026,138.949,117.008,94.276,
5/28/19,Time4,2754,MC_289,7,1,Ambient,148.148,89.399,123.026,120.399,97.346,79.919,
5/28/19,Time4,1535,MC_289,7,1,Ambient,NA,NA,NA,NA,NA,NA,Sampled - 5/22/19
5/28/19,Time4,1629,MC_206,9,2,High,NA,NA,NA,NA,NA,NA,Sampled - 5/27/19
5/28/19,Time4,1773,MC_206,9,2,High,150.72,94.771,125.92,106.167,83.229,67.044,
5/28/19,Time4,1726,MC_206,9,2,High,150.72,94.771,125.92,134.538,111.803,92.303,
5/28/19,Time4,1688,MC_206,9,2,High,150.72,94.771,125.92,136.641,113.562,97.438,
5/28/19,Time4,1078,MC_206,9,2,High,NA,NA,NA,NA,NA,NA,Sampled - 5/22/19
5/28/19,Time4,1591,MC_291,11,2,High,NA,NA,NA,NA,NA,NA,Sampled - 5/27/19
5/28/19,Time4,2396,MC_291,11,2,High,144.718,86.946,120.591,120.616,96.668,75.538,
5/28/19,Time4,1725,MC_291,11,2,High,144.718,86.946,120.591,123.017,99.51,78.537,
5/28/19,Time4,2411,MC_291,11,2,High,144.718,86.946,120.591,134.523,110.865,88.369,
5/28/19,Time4,1178,MC_291,11,2,High,NA,NA,NA,NA,NA,NA,Sampled - 5/22/19
5/28/19,Time4,2747,MC_248,12_1,2,High,NA,NA,NA,NA,NA,NA,Sampled - 5/27/19
5/28/19,Time4,1095,MC_248,12_1,2,High,146.231,88.208,120.459,141.856,115.965,82.444,
5/28/19,Time4,1468,MC_248,12_1,2,High,NA,NA,NA,NA,NA,NA,Dead
5/28/19,Time4,2740,MC_248,12_1,2,High,146.231,88.208,120.459,157.099,138.716,113.631,
5/28/19,Time4,1142,MC_248,12_1,2,High,NA,NA,NA,NA,NA,NA,Sampled - 5/22/19
5/28/19,Time4,1717,MC_289,15,2,High,NA,NA,NA,NA,NA,NA,Dead
5/28/19,Time4,2875,MC_289,15,2,High,NA,NA,NA,NA,NA,NA,Sampled - 5/27/19
5/28/19,Time4,1624,MC_289,15,2,High,143.624,84.875,116.735,134.466,110.209,83.659,
5/28/19,Time4,2183,MC_289,15,2,High,143.624,84.875,116.735,135.546,112.676,89.908,
5/28/19,Time4,2023,MC_289,15,2,High,NA,NA,NA,NA,NA,NA,Sampled - 5/22/19
5/28/19,Time4,1323,MC_206,17,3,High,NA,NA,NA,NA,NA,NA,Sampled - 5/27/19
5/28/19,Time4,1063,MC_206,17,3,High,141.217,85.256,115.614,120.961,102.393,85.341,
5/28/19,Time4,1327,MC_206,17,3,High,141.217,85.256,115.614,137.82,118.57,98.942,
5/28/19,Time4,1338,MC_206,17,3,High,141.217,85.256,115.614,117.251,96.961,81.872,
5/28/19,Time4,2985,MC_206,17,3,High,NA,NA,NA,NA,NA,NA,Sampled - 5/22/19
5/28/19,Time4,1328,MC_291,19,3,High,NA,NA,NA,NA,NA,NA,Sampled - 5/27/19
5/28/19,Time4,2306,MC_291,19,3,High,142.6,85.63,118.118,139.205,117.973,94.196,
5/28/19,Time4,1447,MC_291,19,3,High,142.6,85.63,118.118,147.155,123.628,97.268,
5/28/19,Time4,1321,MC_291,19,3,High,142.6,85.63,118.118,127.389,105.551,87.207,
5/28/19,Time4,1587,MC_291,19,3,High,NA,NA,NA,NA,NA,NA,Sampled - 5/22/19
5/28/19,Time4,1645,MC_248,21,3,High,NA,NA,NA,NA,NA,NA,Sampled - 5/27/19
5/28/19,Time4,2005,MC_248,21,3,High,143.609,88.18,118.766,124.535,99.359,73.988,
5/28/19,Time4,1730,MC_248,21,3,High,143.609,88.18,118.766,124.228,103.567,83.507,
5/28/19,Time4,1277,MC_248,21,3,High,143.609,88.18,118.766,149.444,132.884,114.621,
5/28/19,Time4,1442,MC_248,21,3,High,NA,NA,NA,NA,NA,NA,Sampled - 5/22/19
5/28/19,Time4,1286,MC_289,23,3,High,NA,NA,NA,NA,NA,NA,Sampled - 5/27/19
5/28/19,Time4,1341,MC_289,23,3,High,143.024,91.289,120.327,131.73,108.169,83.813,
5/28/19,Time4,2998,MC_289,23,3,High,143.024,91.289,120.327,145.543,120.37,91.63,
5/28/19,Time4,2204,MC_289,23,3,High,143.024,91.289,120.327,151.073,129.982,106.984,
5/28/19,Time4,2750,MC_289,23,3,High,NA,NA,NA,NA,NA,NA,Sampled - 5/22/19
5/28/19,Time4,1229,MC_206,25,4,Ambient,NA,NA,NA,NA,NA,NA,Sampled - 5/27/19
5/28/19,Time4,1236,MC_206,25,4,Ambient,146.282,91.992,120.411,108.962,88.322,74.23,
5/28/19,Time4,1736,MC_206,25,4,Ambient,146.282,91.992,120.411,143.392,122.414,100.133,
5/28/19,Time4,1121,MC_206,25,4,Ambient,146.282,91.992,120.411,121.905,100.505,83.569,
5/28/19,Time4,1258,MC_206,25,4,Ambient,146.282,91.992,120.411,108.198,91.713,84.411,
5/28/19,Time4,2871,MC_206,25,4,Ambient,NA,NA,NA,NA,NA,NA,Sampled - 5/22/19
5/28/19,Time4,1157,MC_291,27,4,Ambient,NA,NA,NA,NA,NA,NA,Sampled - 5/27/19
5/28/19,Time4,2212,MC_291,27,4,Ambient,147.723,89.992,122.455,121.202,99.392,79.678,
5/28/19,Time4,1302,MC_291,27,4,Ambient,147.723,89.992,122.455,120.257,96.204,75.624,
5/28/19,Time4,1775,MC_291,27,4,Ambient,147.723,89.992,122.455,116.818,96.651,80.441,
5/28/19,Time4,1084,MC_291,27,4,Ambient,NA,NA,NA,NA,NA,NA,Sampled - 5/22/19
5/28/19,Time4,1169,MC_248,29,4,Ambient,NA,NA,NA,NA,NA,NA,Sampled - 5/27/19
5/28/19,Time4,2172,MC_248,29,4,Ambient,148.513,89.804,123.61,130.725,106.318,82.193,
5/28/19,Time4,1308,MC_248,29,4,Ambient,148.513,89.804,123.61,126.286,101.151,77.32,
5/28/19,Time4,1243,MC_248,29,4,Ambient,148.513,89.804,123.61,138.859,113.552,89.981,
5/28/19,Time4,1772,MC_248,29,4,Ambient,NA,NA,NA,NA,NA,NA,Sampled - 5/22/19
5/28/19,Time4,2393,MC_289,31,4,Ambient,NA,NA,NA,NA,NA,NA,Sampled - 5/27/19
5/28/19,Time4,1426,MC_289,31,4,Ambient,146.107,84.637,119.709,107.05,81.339,61.008,
5/28/19,Time4,1595,MC_289,31,4,Ambient,146.107,84.637,119.709,133.351,111.465,91.005,
5/28/19,Time4,2153,MC_289,31,4,Ambient,146.107,84.637,119.709,120.144,96.086,77.05,
5/28/19,Time4,1609,MC_289,31,4,Ambient,NA,NA,NA,NA,NA,NA,Sampled - 5/22/19
5/28/19,Time4,1598,MC_206,33,5,High,NA,NA,NA,NA,NA,NA,Sampled - 5/27/19
5/28/19,Time4,2999,MC_206,33,5,High,146.309,90.871,123.304,117.287,95.031,74.422,
5/28/19,Time4,1307,MC_206,33,5,High,146.309,90.871,123.304,130.263,109.645,91.814,
5/28/19,Time4,2025,MC_206,33,5,High,146.309,90.871,123.304,143.2,121.245,98.514,
5/28/19,Time4,1744,MC_206,33,5,High,146.309,90.871,123.304,130.649,113.104,102.181,
5/28/19,Time4,2019,MC_206,33,5,High,NA,NA,NA,NA,NA,NA,Sampled - 5/22/19
5/28/19,Time4,1303,MC_291,35,5,High,NA,NA,NA,NA,NA,NA,Sampled - 5/27/19
5/28/19,Time4,1475,MC_291,35,5,High,143.33,88.776,120.691,149.503,129.886,104.126,
5/28/19,Time4,1239,MC_291,35,5,High,143.33,88.776,120.691,140.513,120.88,99.889,
5/28/19,Time4,2534,MC_291,35,5,High,143.33,88.776,120.691,145.58,124.405,103.108,
5/28/19,Time4,2756,MC_291,35,5,High,NA,NA,NA,NA,NA,NA,Sampled - 5/22/19
5/28/19,Time4,1256,MC_248,37,5,High,NA,NA,NA,NA,NA,NA,Sampled - 5/27/19
5/28/19,Time4,1565,MC_248,37,5,High,146.978,86.888,121.673,138.04,116.739,92.645,
5/28/19,Time4,1294,MC_248,37,5,High,146.978,86.888,121.673,150.889,130.173,105.254,
5/28/19,Time4,1738,MC_248,37,5,High,146.978,86.888,121.673,121.812,97.576,78.384,
5/28/19,Time4,1710,MC_248,37,5,High,NA,NA,NA,NA,NA,NA,Sampled - 5/22/19
5/28/19,Time4,1418,MC_289,39,5,High,NA,NA,NA,NA,NA,NA,Sampled - 5/27/19
5/28/19,Time4,1262,MC_289,39,5,High,143.144,86.4,120.175,143.649,120.643,94.293,
5/28/19,Time4,2058,MC_289,39,5,High,143.144,86.4,120.175,159.579,139.366,114.441,
5/28/19,Time4,1713,MC_289,39,5,High,143.144,86.4,120.175,134.441,115.424,101.003,
5/28/19,Time4,2878,MC_289,39,5,High,NA,NA,NA,NA,NA,NA,Sampled - 5/22/19
5/28/19,Time4,1753,MC_206,41,6,Ambient,NA,NA,NA,NA,NA,NA,Sampled - 5/27/19
5/28/19,Time4,1052,MC_206,41,6,Ambient,153.765,96.851,128.529,117.284,92.077,67.709,
5/28/19,Time4,2996,MC_206,41,6,Ambient,153.765,96.851,128.529,129.853,107.431,86.441,
5/28/19,Time4,1625,MC_206,41,6,Ambient,153.765,96.851,128.529,137.737,116.548,97.78,
5/28/19,Time4,2210,MC_206,41,6,Ambient,NA,NA,NA,NA,NA,NA,Sampled - 5/22/19
5/28/19,Time4,1210,MC_291,43,6,Ambient,NA,NA,NA,NA,NA,NA,Sampled - 5/27/19
5/28/19,Time4,1558,MC_291,43,6,Ambient,140.647,83.926,114.479,120.922,103.054,83.359,
5/28/19,Time4,1427,MC_291,43,6,Ambient,140.647,83.926,114.479,148.495,129.919,105.622,
5/28/19,Time4,1076,MC_291,43,6,Ambient,140.647,83.926,114.479,116.034,96.027,79.062,
5/28/19,Time4,1604,MC_291,43,6,Ambient,NA,NA,NA,NA,NA,NA,Sampled - 5/22/19
5/28/19,Time4,1633,MC_248,45,6,Ambient,NA,NA,NA,NA,NA,NA,Sampled - 5/27/19
5/28/19,Time4,1161,MC_248,45,6,Ambient,146.604,86.148,118.971,126.717,101.254,74.764,
5/28/19,Time4,2413,MC_248,45,6,Ambient,146.604,86.148,118.971,152.333,131.042,106.007,
5/28/19,Time4,1331,MC_248,45,6,Ambient,146.604,86.148,118.971,126.723,101.799,79.846,
5/28/19,Time4,1462,MC_248,45,6,Ambient,NA,NA,NA,NA,NA,NA,Sampled - 5/22/19
5/28/19,Time4,2565,MC_289,47,6,Ambient,NA,NA,NA,NA,NA,NA,Sampled - 5/27/19
5/28/19,Time4,2874,MC_289,47,6,Ambient,143.357,84.721,118.842,137.306,112.978,86.745,
5/28/19,Time4,2741,MC_289,47,6,Ambient,143.357,84.721,118.842,147.606,126.357,103.809,
5/28/19,Time4,1284,MC_289,47,6,Ambient,143.357,84.721,118.842,133.812,114.305,95.449,
5/28/19,Time4,1603,MC_289,47,6,Ambient,NA,NA,NA,NA,NA,NA,Sampled - 5/22/19
6/1/19,Time5,2392,MC_206,1,1,Ambient,NA,NA,NA,NA,NA,NA,Sampled - 5/27/19
6/1/19,Time5,2734,MC_206,1,1,Ambient,150.796,77.137,119.636,119.829,92.728,70.067,
6/1/19,Time5,1050,MC_206,1,1,Ambient,150.796,77.137,119.636,143.779,114.305,82.667,
6/1/19,Time5,1048,MC_206,1,1,Ambient,150.796,77.137,119.636,128.166,100.667,77.104,
6/1/19,Time5,1477,MC_206,1,1,Ambient,NA,NA,NA,NA,NA,NA,Sampled - 5/22/19
6/1/19,Time5,1570,MC_291,3,1,Ambient,NA,NA,NA,NA,NA,NA,Sampled - 5/27/19
6/1/19,Time5,1574,MC_291,3,1,Ambient,148.908,75.602,113.433,131.332,103.524,81.19,
6/1/19,Time5,1093,MC_291,3,1,Ambient,148.908,75.602,113.433,149.923,121.746,96.212,
6/1/19,Time5,1639,MC_291,3,1,Ambient,148.908,75.602,113.433,133.674,106.379,85.199,
6/1/19,Time5,1124,MC_291,3,1,Ambient,NA,NA,NA,NA,NA,NA,Sampled - 5/22/19
6/1/19,Time5,1539,MC_248,5,1,Ambient,NA,NA,NA,NA,NA,NA,Sampled - 5/27/19
6/1/19,Time5,1740,MC_248,5,1,Ambient,145.631,75.201,114.625,133.687,103.22,76.246,
6/1/19,Time5,1271,MC_248,5,1,Ambient,145.631,75.201,114.625,158.638,131.317,100.381,
6/1/19,Time5,1544,MC_248,5,1,Ambient,145.631,75.201,114.625,131.651,102.95,77.715,
6/1/19,Time5,2555,MC_248,5,1,Ambient,145.631,75.201,114.625,120.624,96.141,79.78,
6/1/19,Time5,2519,MC_248,5,1,Ambient,NA,NA,NA,NA,NA,NA,Sampled - 5/22/19
6/1/19,Time5,2363,MC_289,7,1,Ambient,NA,NA,NA,NA,NA,NA,Sampled - 5/27/19
6/1/19,Time5,1721,MC_289,7,1,Ambient,143.072,75.523,111.681,134.033,109.646,83.285,
6/1/19,Time5,2530,MC_289,7,1,Ambient,143.072,75.523,111.681,146.189,121.023,93.097,
6/1/19,Time5,2754,MC_289,7,1,Ambient,143.072,75.523,111.681,115.001,88.856,70.395,
6/1/19,Time5,1535,MC_289,7,1,Ambient,NA,NA,NA,NA,NA,NA,Sampled - 5/22/19
6/1/19,Time5,1629,MC_206,9,2,High,NA,NA,NA,NA,NA,NA,Sampled - 5/27/19
6/1/19,Time5,1773,MC_206,9,2,High,152.105,84.953,127.638,103.165,77.22,59.05,
6/1/19,Time5,1726,MC_206,9,2,High,152.105,84.953,127.638,133.174,107.819,85.494,
6/1/19,Time5,1688,MC_206,9,2,High,152.105,84.953,127.638,130.866,106.694,89.579,
6/1/19,Time5,1078,MC_206,9,2,High,NA,NA,NA,NA,NA,NA,Sampled - 5/22/19
6/1/19,Time5,1591,MC_291,11,2,High,NA,NA,NA,NA,NA,NA,Sampled - 5/27/19
6/1/19,Time5,2396,MC_291,11,2,High,145.372,77.669,119.906,126.551,102.924,83.758,
6/1/19,Time5,1725,MC_291,11,2,High,145.372,77.669,119.906,121.066,98.628,80.09,
6/1/19,Time5,2411,MC_291,11,2,High,145.372,77.669,119.906,135.348,110.953,89.02,
6/1/19,Time5,1178,MC_291,11,2,High,NA,NA,NA,NA,NA,NA,Sampled - 5/22/19
6/1/19,Time5,2747,MC_248,13,2,High,NA,NA,NA,NA,NA,NA,Sampled - 5/27/19
6/1/19,Time5,1095,MC_248,13,2,High,141.8241,76.643,115.238,152.429,126.198,93.615,
6/1/19,Time5,1468,MC_248,13,2,High,NA,NA,NA,NA,NA,NA,Dead
6/1/19,Time5,2740,MC_248,13,2,High,141.8241,76.643,115.238,155.296,135.055,113.42,
6/1/19,Time5,1142,MC_248,13,2,High,NA,NA,NA,NA,NA,NA,Sampled - 5/22/19
6/1/19,Time5,1717,MC_289,15,2,High,NA,NA,NA,NA,NA,NA,Dead
6/1/19,Time5,2875,MC_289,15,2,High,NA,NA,NA,NA,NA,NA,Sampled - 5/27/19
6/1/19,Time5,1624,MC_289,15,2,High,146.053,78.209,120.615,143.068,118.121,91.582,
6/1/19,Time5,2183,MC_289,15,2,High,146.053,78.209,120.615,147.134,121.347,96.156,
6/1/19,Time5,2023,MC_289,15,2,High,NA,NA,NA,NA,NA,NA,Sampled - 5/22/19
6/1/19,Time5,1323,MC_206,17,3,High,NA,NA,NA,NA,NA,NA,Sampled - 5/27/19
6/1/19,Time5,1063,MC_206,17,3,High,147.759,79.101,120.744,125.58,105.182,87.641,
6/1/19,Time5,1327,MC_206,17,3,High,147.759,79.101,120.744,141.627,120.379,99.945,
6/1/19,Time5,1338,MC_206,17,3,High,147.759,79.101,120.744,120.089,98.682,83.029,
6/1/19,Time5,2985,MC_206,17,3,High,NA,NA,NA,NA,NA,NA,Sampled - 5/22/19
6/1/19,Time5,1328,MC_291,19,3,High,NA,NA,NA,NA,NA,NA,Sampled - 5/27/19
6/1/19,Time5,2306,MC_291,19,3,High,149.582,83.951,121.922,135.909,113.691,88.125,
6/1/19,Time5,1447,MC_291,19,3,High,149.582,83.951,121.922,154.51,131.14,102.119,
6/1/19,Time5,1321,MC_291,19,3,High,149.582,83.951,121.922,131.347,107.346,84.409,
6/1/19,Time5,1587,MC_291,19,3,High,NA,NA,NA,NA,NA,NA,Sampled - 5/22/19
6/1/19,Time5,1645,MC_248,21,3,High,NA,NA,NA,NA,NA,NA,Sampled - 5/27/19
6/1/19,Time5,2005,MC_248,21,3,High,150.599,87.423,127.303,107.953,82.043,62.83,
6/1/19,Time5,1730,MC_248,21,3,High,150.599,87.423,127.303,126.168,106.053,87.334,
6/1/19,Time5,1277,MC_248,21,3,High,150.599,87.423,127.303,151.264,134.096,116.9,
6/1/19,Time5,1442,MC_248,21,3,High,NA,NA,NA,NA,NA,NA,Sampled - 5/22/19
6/1/19,Time5,1286,MC_289,23,3,High,NA,NA,NA,NA,NA,NA,Sampled - 5/27/19
6/1/19,Time5,1341,MC_289,23,3,High,149.298,86.569,125.568,137.698,115.728,90.15,
6/1/19,Time5,2998,MC_289,23,3,High,149.298,86.569,125.568,148.933,125.097,99.795,
6/1/19,Time5,2204,MC_289,23,3,High,149.298,86.569,125.568,141.852,119.156,98.819,
6/1/19,Time5,2750,MC_289,23,3,High,NA,NA,NA,NA,NA,NA,Sampled - 5/22/19
6/1/19,Time5,1229,MC_206,25,4,Ambient,NA,NA,NA,NA,NA,NA,Sampled - 5/27/19
6/1/19,Time5,1236,MC_206,25,4,Ambient,153.327,82.988,122.216,115.071,88.153,70.309,
6/1/19,Time5,1736,MC_206,25,4,Ambient,153.327,82.988,122.216,141.858,112.746,85.537,
6/1/19,Time5,1121,MC_206,25,4,Ambient,153.327,82.988,122.216,136.382,107.23,81.73,
6/1/19,Time5,1258,MC_206,25,4,Ambient,153.327,82.988,122.216,104.938,82.19,69.65,
6/1/19,Time5,2871,MC_206,25,4,Ambient,NA,NA,NA,NA,NA,NA,Sampled - 5/22/19
6/1/19,Time5,1157,MC_291,27,4,Ambient,NA,NA,NA,NA,NA,NA,Sampled - 5/27/19
6/1/19,Time5,2212,MC_291,27,4,Ambient,147.165,77.288,115.102,122.604,98.267,79.705,
6/1/19,Time5,1302,MC_291,27,4,Ambient,147.165,77.288,115.102,117.868,90.744,70.85,
6/1/19,Time5,1775,MC_291,27,4,Ambient,147.165,77.288,115.102,102.985,81.073,65.174,
6/1/19,Time5,1084,MC_291,27,4,Ambient,NA,NA,NA,NA,NA,NA,Sampled - 5/22/19
6/1/19,Time5,1169,MC_248,29,4,Ambient,NA,NA,NA,NA,NA,NA,Sampled - 5/27/19
6/1/19,Time5,2172,MC_248,29,4,Ambient,146.493,81.483,115.828,134.183,108.876,85.777,
6/1/19,Time5,1308,MC_248,29,4,Ambient,146.493,81.483,115.828,123.323,96.439,74.652,
6/1/19,Time5,1243,MC_248,29,4,Ambient,146.493,81.483,115.828,134.691,106.033,81.918,
6/1/19,Time5,1772,MC_248,29,4,Ambient,NA,NA,NA,NA,NA,NA,Sampled - 5/22/19
6/1/19,Time5,2393,MC_289,31,4,Ambient,NA,NA,NA,NA,NA,NA,Sampled - 5/27/19
6/1/19,Time5,1426,MC_289,31,4,Ambient,147.419,79.199,116.711,113.938,85.57,62.966,
6/1/19,Time5,1595,MC_289,31,4,Ambient,147.419,79.199,116.711,134.225,110.678,88.506,
6/1/19,Time5,2153,MC_289,31,4,Ambient,147.419,79.199,116.711,120.903,92.809,69.992,
6/1/19,Time5,1609,MC_289,31,4,Ambient,NA,NA,NA,NA,NA,NA,Sampled - 5/22/19
6/1/19,Time5,1598,MC_206,33,5,High,NA,NA,NA,NA,NA,NA,Sampled - 5/27/19
6/1/19,Time5,2999,MC_206,33,5,High,144.531,83.878,121.78,119.634,97.138,78.135,
6/1/19,Time5,1307,MC_206,33,5,High,144.531,83.878,121.78,129.556,107.234,89.42,
6/1/19,Time5,2025,MC_206,33,5,High,144.531,83.878,121.78,132.656,109.842,90.592,
6/1/19,Time5,1744,MC_206,33,5,High,144.531,83.878,121.78,128.368,110.363,99.212,
6/1/19,Time5,2019,MC_206,33,5,High,NA,NA,NA,NA,NA,NA,Sampled - 5/22/19
6/1/19,Time5,1303,MC_291,35,5,High,NA,NA,NA,NA,NA,NA,Sampled - 5/27/19
6/1/19,Time5,1475,MC_291,35,5,High,144.827,85.421,123.247,162.566,143.72,120.311,
6/1/19,Time5,1239,MC_291,35,5,High,144.827,85.421,123.247,149.54,127.534,107.08,
6/1/19,Time5,2534,MC_291,35,5,High,144.827,85.421,123.247,153.912,131.163,108.906,
6/1/19,Time5,2756,MC_291,35,5,High,NA,NA,NA,NA,NA,NA,Sampled - 5/22/19
6/1/19,Time5,1256,MC_248,37,5,High,NA,NA,NA,NA,NA,NA,Sampled - 5/27/19
6/1/19,Time5,1565,MC_248,37,5,High,142.514,81.739,120.991,143.374,123.278,101.621,
6/1/19,Time5,1294,MC_248,37,5,High,142.514,81.739,120.991,157.6,137.613,116.119,
6/1/19,Time5,1738,MC_248,37,5,High,142.514,81.739,120.991,130.197,106.752,88.72,
6/1/19,Time5,1710,MC_248,37,5,High,NA,NA,NA,NA,NA,NA,Sampled - 5/22/19
6/1/19,Time5,1418,MC_289,39,5,High,NA,NA,NA,NA,NA,NA,Sampled - 5/27/19
6/1/19,Time5,1262,MC_289,39,5,High,143.676,82.407,122.571,153.337,130.925,104.174,
6/1/19,Time5,2058,MC_289,39,5,High,143.676,82.407,122.571,162.231,140.43,113.914,
6/1/19,Time5,1713,MC_289,39,5,High,143.676,82.407,122.571,135.602,114.797,97.936,
6/1/19,Time5,2878,MC_289,39,5,High,NA,NA,NA,NA,NA,NA,Sampled - 5/22/19
6/1/19,Time5,1753,MC_206,41,6,Ambient,NA,NA,NA,NA,NA,NA,Sampled - 5/27/19
6/1/19,Time5,1052,MC_206,41,6,Ambient,158.649,90.345,128.629,115.361,86.926,62.823,
6/1/19,Time5,2996,MC_206,41,6,Ambient,158.649,90.345,128.629,128.757,102.855,81.838,
6/1/19,Time5,1625,MC_206,41,6,Ambient,158.649,90.345,128.629,136.927,111.098,89.15,
6/1/19,Time5,2210,MC_206,41,6,Ambient,NA,NA,NA,NA,NA,NA,Sampled - 5/22/19
6/1/19,Time5,1210,MC_291,43,6,Ambient,NA,NA,NA,NA,NA,NA,Sampled - 5/27/19
6/1/19,Time5,1558,MC_291,43,6,Ambient,148.868,76.228,110.967,120.48,97.166,77.132,
6/1/19,Time5,1427,MC_291,43,6,Ambient,148.868,76.228,110.967,148.382,126.359,102.062,
6/1/19,Time5,1076,MC_291,43,6,Ambient,148.868,76.228,110.967,111.332,87.768,68.778,
6/1/19,Time5,1604,MC_291,43,6,Ambient,NA,NA,NA,NA,NA,NA,Sampled - 5/22/19
6/1/19,Time5,1633,MC_248,45,6,Ambient,NA,NA,NA,NA,NA,NA,Sampled - 5/27/19
6/1/19,Time5,1161,MC_248,45,6,Ambient,152.708,79.729,115.904,138.622,109.066,82.126,
6/1/19,Time5,2413,MC_248,45,6,Ambient,152.708,79.729,115.904,157.359,130.497,105.385,
6/1/19,Time5,1331,MC_248,45,6,Ambient,152.708,79.729,115.904,129.918,97.788,73.024,
6/1/19,Time5,1462,MC_248,45,6,Ambient,NA,NA,NA,NA,NA,NA,Sampled - 5/22/19
6/1/19,Time5,2565,MC_289,47,6,Ambient,NA,NA,NA,NA,NA,NA,Sampled - 5/27/19
6/1/19,Time5,2874,MC_289,47,6,Ambient,148.007,82.074,118.581,137.553,110.601,83.945,
6/1/19,Time5,2741,MC_289,47,6,Ambient,148.007,82.074,118.581,149.656,123.958,99.318,
6/1/19,Time5,1284,MC_289,47,6,Ambient,148.007,82.074,118.581,135.227,112.995,92.667,
6/1/19,Time5,1603,MC_289,47,6,Ambient,NA,NA,NA,NA,NA,NA,Sampled - 5/22/19
6/5/19,Time6,2392,MC_206,1,1,Ambient,NA,NA,NA,NA,NA,NA,Sampled - 5/27/19
6/5/19,Time6,2734,MC_206,1,1,Ambient,166.839,116.801,135.989,151.436,129.04,115.052,
6/5/19,Time6,1050,MC_206,1,1,Ambient,166.839,116.801,135.989,144.006,120.467,107.956,
6/5/19,Time6,1048,MC_206,1,1,Ambient,NA,NA,NA,NA,NA,NA,Sampled - 6/05/19
6/5/19,Time6,1477,MC_206,1,1,Ambient,NA,NA,NA,NA,NA,NA,Sampled - 5/22/19
6/5/19,Time6,1570,MC_291,3,1,Ambient,NA,NA,NA,NA,NA,NA,Sampled - 5/27/19
6/5/19,Time6,1574,MC_291,3,1,Ambient,160.736,112.986,134.054,145.922,123.351,109.226,
6/5/19,Time6,1093,MC_291,3,1,Ambient,NA,NA,NA,NA,NA,NA,Sampled - 6/05/19
6/5/19,Time6,1639,MC_291,3,1,Ambient,160.736,112.986,134.054,154.592,130.239,113.912,
6/5/19,Time6,1124,MC_291,3,1,Ambient,NA,NA,NA,NA,NA,NA,Sampled - 5/22/19
6/5/19,Time6,1539,MC_248,5,1,Ambient,NA,NA,NA,NA,NA,NA,Sampled - 5/27/19
6/5/19,Time6,1740,MC_248,5,1,Ambient,162.224,118.596,139.56,152.09,126.03,106.509,
6/5/19,Time6,1271,MC_248,5,1,Ambient,NA,NA,NA,NA,NA,NA,Sampled - 6/05/19
6/5/19,Time6,1544,MC_248,5,1,Ambient,NA,NA,NA,NA,NA,NA,Sampled - 6/05/19
6/5/19,Time6,2555,MC_248,5,1,Ambient,162.224,118.596,139.56,141.063,119.717,107.118,
6/5/19,Time6,2519,MC_248,5,1,Ambient,NA,NA,NA,NA,NA,NA,Sampled - 5/22/19
6/5/19,Time6,2363,MC_289,7,1,Ambient,NA,NA,NA,NA,NA,NA,Sampled - 5/27/19
6/5/19,Time6,1721,MC_289,7,1,Ambient,162.174,122.368,140.522,152.293,128.46,110.629,
6/5/19,Time6,2530,MC_289,7,1,Ambient,NA,NA,NA,NA,NA,NA,Sampled - 6/05/19
6/5/19,Time6,2754,MC_289,7,1,Ambient,162.174,122.368,140.522,140.823,117.85,106.386,
6/5/19,Time6,1535,MC_289,7,1,Ambient,NA,NA,NA,NA,NA,NA,Sampled - 5/22/19
6/5/19,Time6,1629,MC_206,9,2,High,NA,NA,NA,NA,NA,NA,Sampled - 5/27/19
6/5/19,Time6,1773,MC_206,9,2,High,164.864,109.537,137.101,126.043,98.356,82.587,
6/5/19,Time6,1726,MC_206,9,2,High,NA,NA,NA,NA,NA,NA,Sampled - 6/05/19
6/5/19,Time6,1688,MC_206,9,2,High,164.864,109.537,137.101,145.791,120.607,106.382,
6/5/19,Time6,1078,MC_206,9,2,High,NA,NA,NA,NA,NA,NA,Sampled - 5/22/19
6/5/19,Time6,1591,MC_291,11,2,High,NA,NA,NA,NA,NA,NA,Sampled - 5/27/19
6/5/19,Time6,2396,MC_291,11,2,High,154.679,107.163,131.139,148.095,123.411,106.739,
6/5/19,Time6,1725,MC_291,11,2,High,NA,NA,NA,NA,NA,NA,Sampled - 6/05/19
6/5/19,Time6,2411,MC_291,11,2,High,145.372,77.669,119.906,160.986,138.48,119.74,
6/5/19,Time6,1178,MC_291,11,2,High,NA,NA,NA,NA,NA,NA,Sampled - 5/22/19
6/5/19,Time6,2747,MC_248,13,2,High,NA,NA,NA,NA,NA,NA,Sampled - 5/27/19
6/5/19,Time6,1095,MC_248,13,2,High,158.86,108.55,132.3,167.348,141.31,118.088,
6/5/19,Time6,1468,MC_248,13,2,High,NA,NA,NA,NA,NA,NA,Dead
6/5/19,Time6,2740,MC_248,13,2,High,NA,NA,NA,NA,NA,NA,Sampled - 6/05/19
6/5/19,Time6,1142,MC_248,13,2,High,NA,NA,NA,NA,NA,NA,Sampled - 5/22/19
6/5/19,Time6,1717,MC_289,15,2,High,NA,NA,NA,NA,NA,NA,Dead
6/5/19,Time6,2875,MC_289,15,2,High,NA,NA,NA,NA,NA,NA,Sampled - 5/27/19
6/5/19,Time6,1624,MC_289,15,2,High,154.693,108.54,132.752,160.812,138.344,121.413,
6/5/19,Time6,2183,MC_289,15,2,High,NA,NA,NA,NA,NA,NA,Sampled - 6/05/19
6/5/19,Time6,2023,MC_289,15,2,High,NA,NA,NA,NA,NA,NA,Sampled - 5/22/19
6/5/19,Time6,1323,MC_206,17,3,High,NA,NA,NA,NA,NA,NA,Sampled - 5/27/19
6/5/19,Time6,1063,MC_206,17,3,High,156.252,102.887,130.201,155.737,133.163,116.205,
6/5/19,Time6,1327,MC_206,17,3,High,NA,NA,NA,NA,NA,NA,Sampled - 6/05/19
6/5/19,Time6,1338,MC_206,17,3,High,156.252,102.887,130.201,147.744,123.274,106.252,
6/5/19,Time6,2985,MC_206,17,3,High,NA,NA,NA,NA,NA,NA,Sampled - 5/22/19
6/5/19,Time6,1328,MC_291,19,3,High,NA,NA,NA,NA,NA,NA,Sampled - 5/27/19
6/5/19,Time6,2306,MC_291,19,3,High,154.802,108.25,132.263,169.466,149.505,132.124,
6/5/19,Time6,1447,MC_291,19,3,High,NA,NA,NA,NA,NA,NA,Sampled - 6/05/19
6/5/19,Time6,1321,MC_291,19,3,High,154.802,108.25,132.263,157.525,133.917,117.962,
6/5/19,Time6,1587,MC_291,19,3,High,NA,NA,NA,NA,NA,NA,Sampled - 5/22/19
6/5/19,Time6,1645,MC_248,21,3,High,NA,NA,NA,NA,NA,NA,Sampled - 5/27/19
6/5/19,Time6,2005,MC_248,21,3,High,162.358,110.326,138.433,155.33,126.048,103.514,
6/5/19,Time6,1730,MC_248,21,3,High,NA,NA,NA,NA,NA,NA,Sampled - 6/05/19
6/5/19,Time6,1277,MC_248,21,3,High,162.358,110.326,138.433,180.477,163.282,149.341,
6/5/19,Time6,1442,MC_248,21,3,High,NA,NA,NA,NA,NA,NA,Sampled - 5/22/19
6/5/19,Time6,1286,MC_289,23,3,High,NA,NA,NA,NA,NA,NA,Sampled - 5/27/19
6/5/19,Time6,1341,MC_289,23,3,High,155.342,107.099,132.725,162.437,139.987,120.732,
6/5/19,Time6,2998,MC_289,23,3,High,NA,NA,NA,NA,NA,NA,Sampled - 6/05/19
6/5/19,Time6,2204,MC_289,23,3,High,155.342,107.099,132.725,177.342,159.969,143.029,
6/5/19,Time6,2750,MC_289,23,3,High,NA,NA,NA,NA,NA,NA,Sampled - 5/22/19
6/5/19,Time6,1229,MC_206,25,4,Ambient,NA,NA,NA,NA,NA,NA,Sampled - 5/27/19
6/5/19,Time6,1236,MC_206,25,4,Ambient,171.07,125.373,143.733,137.099,117.692,107.657,
6/5/19,Time6,1736,MC_206,25,4,Ambient,NA,NA,NA,NA,NA,NA,Sampled - 6/05/19
6/5/19,Time6,1121,MC_206,25,4,Ambient,171.07,125.373,143.733,155.575,132.463,117.5,
6/5/19,Time6,1258,MC_206,25,4,Ambient,171.07,125.373,143.733,135.006,118.819,114.602,
6/5/19,Time6,2871,MC_206,25,4,Ambient,NA,NA,NA,NA,NA,NA,Sampled - 5/22/19
6/5/19,Time6,1157,MC_291,27,4,Ambient,NA,NA,NA,NA,NA,NA,Sampled - 5/27/19
6/5/19,Time6,2212,MC_291,27,4,Ambient,166.187,118.051,140.64,148.462,126.9,112.645,
6/5/19,Time6,1302,MC_291,27,4,Ambient,NA,NA,NA,NA,NA,NA,Sampled - 6/05/19
6/5/19,Time6,1775,MC_291,27,4,Ambient,166.187,118.051,140.64,143.476,122.661,110.414,
6/5/19,Time6,1084,MC_291,27,4,Ambient,NA,NA,NA,NA,NA,NA,Sampled - 5/22/19
6/5/19,Time6,1169,MC_248,29,4,Ambient,NA,NA,NA,NA,NA,NA,Sampled - 5/27/19
6/5/19,Time6,2172,MC_248,29,4,Ambient,156.414,107.888,132.403,146.883,121.57,103.298,
6/5/19,Time6,1308,MC_248,29,4,Ambient,NA,NA,NA,NA,NA,NA,Sampled - 6/05/19
6/5/19,Time6,1243,MC_248,29,4,Ambient,156.414,107.888,132.403,151.673,125.741,107.841,
6/5/19,Time6,1772,MC_248,29,4,Ambient,NA,NA,NA,NA,NA,NA,Sampled - 5/22/19
6/5/19,Time6,2393,MC_289,31,4,Ambient,NA,NA,NA,NA,NA,NA,Sampled - 5/27/19
6/5/19,Time6,1426,MC_289,31,4,Ambient,164.677,111.671,140.752,134.249,110.159,93.092,
6/5/19,Time6,1595,MC_289,31,4,Ambient,NA,NA,NA,NA,NA,NA,Sampled - 6/05/19
6/5/19,Time6,2153,MC_289,31,4,Ambient,164.677,111.671,140.752,145.534,117.058,101.581,
6/5/19,Time6,1609,MC_289,31,4,Ambient,NA,NA,NA,NA,NA,NA,Sampled - 5/22/19
6/5/19,Time6,1598,MC_206,33,5,High,NA,NA,NA,NA,NA,NA,Sampled - 5/27/19
6/5/19,Time6,2999,MC_206,33,5,High,159.047,113.165,137.811,133.989,111.169,95.364,
6/5/19,Time6,1307,MC_206,33,5,High,NA,NA,NA,NA,NA,NA,Sampled - 6/05/19
6/5/19,Time6,2025,MC_206,33,5,High,159.047,113.165,137.811,161.234,139.162,120.799,
6/5/19,Time6,1744,MC_206,33,5,High,159.047,113.165,137.811,142.013,122.231,110.606,
6/5/19,Time6,2019,MC_206,33,5,High,NA,NA,NA,NA,NA,NA,Sampled - 5/22/19
6/5/19,Time6,1303,MC_291,35,5,High,NA,NA,NA,NA,NA,NA,Sampled - 5/27/19
6/5/19,Time6,1475,MC_291,35,5,High,154.164,102.253,134.128,177.661,161.087,143.193,
6/5/19,Time6,1239,MC_291,35,5,High,NA,NA,NA,NA,NA,NA,Sampled - 6/05/19
6/5/19,Time6,2534,MC_291,35,5,High,154.164,102.253,134.128,171.892,147.746,125.266,
6/5/19,Time6,2756,MC_291,35,5,High,NA,NA,NA,NA,NA,NA,Sampled - 5/22/19
6/5/19,Time6,1256,MC_248,37,5,High,NA,NA,NA,NA,NA,NA,Sampled - 5/27/19
6/5/19,Time6,1565,MC_248,37,5,High,159.356,119.47,139.665,166.809,150.731,136.393,
6/5/19,Time6,1294,MC_248,37,5,High,NA,NA,NA,NA,NA,NA,Sampled - 6/05/19
6/5/19,Time6,1738,MC_248,37,5,High,159.356,119.47,139.665,156.396,135.5889,119.368,
6/5/19,Time6,1710,MC_248,37,5,High,NA,NA,NA,NA,NA,NA,Sampled - 5/22/19
6/5/19,Time6,1418,MC_289,39,5,High,NA,NA,NA,NA,NA,NA,Sampled - 5/27/19
6/5/19,Time6,1262,MC_289,39,5,High,158.458,112.465,137.52,175.976,157.525,138.381,
6/5/19,Time6,2058,MC_289,39,5,High,NA,NA,NA,NA,NA,NA,Sampled - 6/05/19
6/5/19,Time6,1713,MC_289,39,5,High,158.458,112.465,137.52,158.593,138.1,123.286,
6/5/19,Time6,2878,MC_289,39,5,High,NA,NA,NA,NA,NA,NA,Sampled - 5/22/19
6/5/19,Time6,1753,MC_206,41,6,Ambient,NA,NA,NA,NA,NA,NA,Sampled - 5/27/19
6/5/19,Time6,1052,MC_206,41,6,Ambient,165.954,118.715,142.929,133.876,106.349,89.118,
6/5/19,Time6,2996,MC_206,41,6,Ambient,NA,NA,NA,NA,NA,NA,Sampled - 6/05/19
6/5/19,Time6,1625,MC_206,41,6,Ambient,165.954,118.715,142.929,155.881,132.368,117.331,
6/5/19,Time6,2210,MC_206,41,6,Ambient,NA,NA,NA,NA,NA,NA,Sampled - 5/22/19
6/5/19,Time6,1210,MC_291,43,6,Ambient,NA,NA,NA,NA,NA,NA,Sampled - 5/27/19
6/5/19,Time6,1558,MC_291,43,6,Ambient,150.383,102.266,125.877,141.465,119.774,104.023,
6/5/19,Time6,1427,MC_291,43,6,Ambient,NA,NA,NA,NA,NA,NA,Sampled - 6/05/19
6/5/19,Time6,1076,MC_291,43,6,Ambient,150.383,102.266,125.877,131.97,109.346,95.567,
6/5/19,Time6,1604,MC_291,43,6,Ambient,NA,NA,NA,NA,NA,NA,Sampled - 5/22/19
6/5/19,Time6,1633,MC_248,45,6,Ambient,NA,NA,NA,NA,NA,NA,Sampled - 5/27/19
6/5/19,Time6,1161,MC_248,45,6,Ambient,160.314,113.777,134.842,154.942,129.45,111.594,
6/5/19,Time6,2413,MC_248,45,6,Ambient,NA,NA,NA,NA,NA,NA,Sampled - 6/05/19
6/5/19,Time6,1331,MC_248,45,6,Ambient,160.314,113.777,134.842,149.143,122.753,106.834,
6/5/19,Time6,1462,MC_248,45,6,Ambient,NA,NA,NA,NA,NA,NA,Sampled - 5/22/19
6/5/19,Time6,2565,MC_289,47,6,Ambient,NA,NA,NA,NA,NA,NA,Sampled - 5/27/19
6/5/19,Time6,2874,MC_289,47,6,Ambient,157.207,103.385,128.787,146.911,119.073,97.466,
6/5/19,Time6,2741,MC_289,47,6,Ambient,NA,NA,NA,NA,NA,NA,Sampled - 6/05/19
6/5/19,Time6,1284,MC_289,47,6,Ambient,157.207,103.385,128.787,149.711,126.577,110.412,
6/5/19,Time6,1603,MC_289,47,6,Ambient,NA,NA,NA,NA,NA,NA,Sampled - 5/22/19
6/6/19,Time7,2392,MC_206,1,1,Ambient,NA,NA,NA,NA,NA,NA,
6/6/19,Time7,2734,MC_206,1,1,Ambient,155.843,67.778,121.516,123.18,84.951,48.294,
6/6/19,Time7,1050,MC_206,1,1,Ambient,NA,NA,NA,NA,NA,NA,
6/6/19,Time7,1048,MC_206,1,1,Ambient,NA,NA,NA,NA,NA,NA,
6/6/19,Time7,1477,MC_206,1,1,Ambient,NA,NA,NA,NA,NA,NA,
6/6/19,Time7,1570,MC_291,3,1,Ambient,NA,NA,NA,NA,NA,NA,
6/6/19,Time7,1574,MC_291,3,1,Ambient,149.532,65.375,117.134,124.896,88.276,49.973,
6/6/19,Time7,1093,MC_291,3,1,Ambient,NA,NA,NA,NA,NA,NA,
6/6/19,Time7,1639,MC_291,3,1,Ambient,NA,NA,NA,NA,NA,NA,
6/6/19,Time7,1124,MC_291,3,1,Ambient,NA,NA,NA,NA,NA,NA,
6/6/19,Time7,1539,MC_248,5,1,Ambient,NA,NA,NA,NA,NA,NA,
6/6/19,Time7,1740,MC_248,5,1,Ambient,151.011,67.503,119.361,135.504,97.323,52.197,
6/6/19,Time7,1271,MC_248,5,1,Ambient,NA,NA,NA,NA,NA,NA,
6/6/19,Time7,1544,MC_248,5,1,Ambient,NA,NA,NA,NA,NA,NA,
6/6/19,Time7,2555,MC_248,5,1,Ambient,NA,NA,NA,NA,NA,NA,
6/6/19,Time7,2519,MC_248,5,1,Ambient,NA,NA,NA,NA,NA,NA,
6/6/19,Time7,2363,MC_289,7,1,Ambient,NA,NA,NA,NA,NA,NA,
6/6/19,Time7,1721,MC_289,7,1,Ambient,154.001,67.762,119.095,134.642,98.873,54.581,
6/6/19,Time7,2530,MC_289,7,1,Ambient,NA,NA,NA,NA,NA,NA,
6/6/19,Time7,2754,MC_289,7,1,Ambient,NA,NA,NA,NA,NA,NA,
6/6/19,Time7,1535,MC_289,7,1,Ambient,NA,NA,NA,NA,NA,NA,
6/6/19,Time7,1629,MC_206,25,2,High,NA,NA,NA,NA,NA,NA,
6/6/19,Time7,1773,MC_206,25,2,High,146.733,65.782,116.442,102.964,67.063,37.494,
6/6/19,Time7,1726,MC_206,25,2,High,NA,NA,NA,NA,NA,NA,
6/6/19,Time7,1688,MC_206,25,2,High,NA,NA,NA,NA,NA,NA,
6/6/19,Time7,1078,MC_206,25,2,High,NA,NA,NA,NA,NA,NA,
6/6/19,Time7,1591,MC_291,27,2,High,NA,NA,NA,NA,NA,NA,
6/6/19,Time7,2396,MC_291,27,2,High,140.305,62.214,111.799,134.149,100.246,62.125,
6/6/19,Time7,1725,MC_291,27,2,High,NA,NA,NA,NA,NA,NA,
6/6/19,Time7,2411,MC_291,27,2,High,NA,NA,NA,NA,NA,NA,
6/6/19,Time7,1178,MC_291,27,2,High,NA,NA,NA,NA,NA,NA,
6/6/19,Time7,2747,MC_248,13,2,High,NA,NA,NA,NA,NA,NA,
6/6/19,Time7,1095,MC_248,13,2,High,NA,NA,NA,NA,NA,NA,
6/6/19,Time7,1468,MC_248,13,2,High,NA,NA,NA,NA,NA,NA,
6/6/19,Time7,2740,MC_248,13,2,High,NA,NA,NA,NA,NA,NA,
6/6/19,Time7,1142,MC_248,13,2,High,NA,NA,NA,NA,NA,NA,
6/6/19,Time7,1717,MC_289,15,2,High,NA,NA,NA,NA,NA,NA,
6/6/19,Time7,2875,MC_289,15,2,High,NA,NA,NA,NA,NA,NA,
6/6/19,Time7,1624,MC_289,15,2,High,NA,NA,NA,NA,NA,NA,
6/6/19,Time7,2183,MC_289,15,2,High,NA,NA,NA,NA,NA,NA,
6/6/19,Time7,2023,MC_289,15,2,High,NA,NA,NA,NA,NA,NA,
6/6/19,Time7,1323,MC_206,17,3,High,NA,NA,NA,NA,NA,NA,
6/6/19,Time7,1063,MC_206,17,3,High,144.237,64.822,112.773,143.302,113.011,82.271,
6/6/19,Time7,1327,MC_206,17,3,High,NA,NA,NA,NA,NA,NA,
6/6/19,Time7,1338,MC_206,17,3,High,NA,NA,NA,NA,NA,NA,
6/6/19,Time7,2985,MC_206,17,3,High,NA,NA,NA,NA,NA,NA,
6/6/19,Time7,1328,MC_291,19,3,High,NA,NA,NA,NA,NA,NA,
6/6/19,Time7,2306,MC_291,19,3,High,142.092,63.581,112.771,164.954,141.758,108.475,
6/6/19,Time7,1447,MC_291,19,3,High,NA,NA,NA,NA,NA,NA,
6/6/19,Time7,1321,MC_291,19,3,High,NA,NA,NA,NA,NA,NA,
6/6/19,Time7,1587,MC_291,19,3,High,NA,NA,NA,NA,NA,NA,
6/6/19,Time7,1645,MC_248,21,3,High,NA,NA,NA,NA,NA,NA,
6/6/19,Time7,2005,MC_248,21,3,High,149.831,67.829,117.395,129.474,94.532,56.441,
6/6/19,Time7,1730,MC_248,21,3,High,NA,NA,NA,NA,NA,NA,
6/6/19,Time7,1277,MC_248,21,3,High,NA,NA,NA,NA,NA,NA,
6/6/19,Time7,1442,MC_248,21,3,High,NA,NA,NA,NA,NA,NA,
6/6/19,Time7,1286,MC_289,23,3,High,NA,NA,NA,NA,NA,NA,
6/6/19,Time7,1341,MC_289,23,3,High,146.118,66.975,116.915,169.654,146.366,114.433,
6/6/19,Time7,2998,MC_289,23,3,High,NA,NA,NA,NA,NA,NA,
6/6/19,Time7,2204,MC_289,23,3,High,NA,NA,NA,NA,NA,NA,
6/6/19,Time7,2750,MC_289,23,3,High,NA,NA,NA,NA,NA,NA,
6/6/19,Time7,1229,MC_206,25,4,Ambient,NA,NA,NA,NA,NA,NA,
6/6/19,Time7,1236,MC_206,9,4,Ambient,158.814,71.921,125.526,113.929,77.055,46.07,
6/6/19,Time7,1736,MC_206,9,4,Ambient,NA,NA,NA,NA,NA,NA,
6/6/19,Time7,1121,MC_206,9,4,Ambient,NA,NA,NA,NA,NA,NA,
6/6/19,Time7,1258,MC_206,9,4,Ambient,158.814,71.921,125.526,98.922,65.146,38.73,
6/6/19,Time7,2871,MC_206,9,4,Ambient,NA,NA,NA,NA,NA,NA,
6/6/19,Time7,1157,MC_291,11,4,Ambient,NA,NA,NA,NA,NA,NA,
6/6/19,Time7,2212,MC_291,11,4,Ambient,147.941,63.858,110.495,114.923,81.289,49.272,
6/6/19,Time7,1302,MC_291,11,4,Ambient,NA,NA,NA,NA,NA,NA,
6/6/19,Time7,1775,MC_291,11,4,Ambient,NA,NA,NA,NA,NA,NA,
6/6/19,Time7,1084,MC_291,11,4,Ambient,NA,NA,NA,NA,NA,NA,
6/6/19,Time7,1169,MC_248,29,4,Ambient,NA,NA,NA,NA,NA,NA,
6/6/19,Time7,2172,MC_248,29,4,Ambient,142.245,63.467,114.725,128.927,95.592,58.032,
6/6/19,Time7,1308,MC_248,29,4,Ambient,NA,NA,NA,NA,NA,NA,
6/6/19,Time7,1243,MC_248,29,4,Ambient,NA,NA,NA,NA,NA,NA,
6/6/19,Time7,1772,MC_248,29,4,Ambient,NA,NA,NA,NA,NA,NA,
6/6/19,Time7,2393,MC_289,31,4,Ambient,NA,NA,NA,NA,NA,NA,
6/6/19,Time7,1426,MC_289,31,4,Ambient,149.624,66.975,118.992,114.596,76.08,40.981,
6/6/19,Time7,1595,MC_289,31,4,Ambient,NA,NA,NA,NA,NA,NA,
6/6/19,Time7,2153,MC_289,31,4,Ambient,NA,NA,NA,NA,NA,NA,
6/6/19,Time7,1609,MC_289,31,4,Ambient,NA,NA,NA,NA,NA,NA,
6/6/19,Time7,1598,MC_206,33,5,High,NA,NA,NA,NA,NA,NA,
6/6/19,Time7,2999,MC_206,33,5,High,153.169,71.117,122.445,105.959,72.958,46.133,
6/6/19,Time7,1307,MC_206,33,5,High,NA,NA,NA,NA,NA,NA,
6/6/19,Time7,2025,MC_206,33,5,High,NA,NA,NA,NA,NA,NA,
6/6/19,Time7,1744,MC_206,33,5,High,153.169,71.117,122.445,131.27,100.09,67.91,
6/6/19,Time7,2019,MC_206,33,5,High,NA,NA,NA,NA,NA,NA,
6/6/19,Time7,1303,MC_291,35,5,High,NA,NA,NA,NA,NA,NA,
6/6/19,Time7,1475,MC_291,35,5,High,141,63.589,111.835,169.173,154.802,132.197,
6/6/19,Time7,1239,MC_291,35,5,High,NA,NA,NA,NA,NA,NA,
6/6/19,Time7,2534,MC_291,35,5,High,NA,NA,NA,NA,NA,NA,
6/6/19,Time7,2756,MC_291,35,5,High,NA,NA,NA,NA,NA,NA,
6/6/19,Time7,1256,MC_248,37,5,High,NA,NA,NA,NA,NA,NA,
6/6/19,Time7,1565,MC_248,37,5,High,142.129,63.652,113.46,146.78,125.919,101.436,
6/6/19,Time7,1294,MC_248,37,5,High,NA,NA,NA,NA,NA,NA,
6/6/19,Time7,1738,MC_248,37,5,High,NA,NA,NA,NA,NA,NA,
6/6/19,Time7,1710,MC_248,37,5,High,NA,NA,NA,NA,NA,NA,
6/6/19,Time7,1418,MC_289,39,5,High,NA,NA,NA,NA,NA,NA,
6/6/19,Time7,1262,MC_289,39,5,High,151.717,70.229,119.135,178.995,158.778,124.757,
6/6/19,Time7,2058,MC_289,39,5,High,NA,NA,NA,NA,NA,NA,
6/6/19,Time7,1713,MC_289,39,5,High,NA,NA,NA,NA,NA,NA,
6/6/19,Time7,2878,MC_289,39,5,High,NA,NA,NA,NA,NA,NA,
6/6/19,Time7,1753,MC_206,41,6,Ambient,NA,NA,NA,NA,NA,NA,
6/6/19,Time7,1052,MC_206,41,6,Ambient,165.95,78.704,132.736,131.385,93.212,51.349,
6/6/19,Time7,2996,MC_206,41,6,Ambient,NA,NA,NA,NA,NA,NA,
6/6/19,Time7,1625,MC_206,41,6,Ambient,NA,NA,NA,NA,NA,NA,
6/6/19,Time7,2210,MC_206,41,6,Ambient,NA,NA,NA,NA,NA,NA,
6/6/19,Time7,1210,MC_291,43,6,Ambient,NA,NA,NA,NA,NA,NA,
6/6/19,Time7,1558,MC_291,43,6,Ambient,144.893,63.15,109.342,117.303,94.247,49.629,
6/6/19,Time7,1427,MC_291,43,6,Ambient,NA,NA,NA,NA,NA,NA,
6/6/19,Time7,1076,MC_291,43,6,Ambient,NA,NA,NA,NA,NA,NA,
6/6/19,Time7,1604,MC_291,43,6,Ambient,NA,NA,NA,NA,NA,NA,
6/6/19,Time7,1633,MC_248,45,6,Ambient,NA,NA,NA,NA,NA,NA,
6/6/19,Time7,1161,MC_248,45,6,Ambient,146.047,65.51,115.955,127.31,94.391,53.311,
6/6/19,Time7,2413,MC_248,45,6,Ambient,NA,NA,NA,NA,NA,NA,
6/6/19,Time7,1331,MC_248,45,6,Ambient,NA,NA,NA,NA,NA,NA,
6/6/19,Time7,1462,MC_248,45,6,Ambient,NA,NA,NA,NA,NA,NA,
6/6/19,Time7,2565,MC_289,47,6,Ambient,NA,NA,NA,NA,NA,NA,
6/6/19,Time7,2874,MC_289,47,6,Ambient,142.815,63.95,109.995,141.439,108.164,63.379,
6/6/19,Time7,2741,MC_289,47,6,Ambient,NA,NA,NA,NA,NA,NA,
6/6/19,Time7,1284,MC_289,47,6,Ambient,NA,NA,NA,NA,NA,NA,
6/6/19,Time7,1603,MC_289,47,6,Ambient,NA,NA,NA,NA,NA,NA,